timestamp,scenario,intersection_id,direction,density,queue,avg_speed,flow,capacity,phase
1.0,normal,C,N,0.02,0.0,13.89,0.0,50.0,0.0
1.0,normal,C,S,0.02,0.0,13.89,0.0,50.0,0.0
1.0,normal,C,E,0.02,0.0,13.03,0.0,50.0,0.0
1.0,normal,C,W,0.02,0.0,13.89,0.0,50.0,0.0
5.0,normal,C,N,0.04,0.0,13.56,0.0,50.0,0.0
5.0,normal,C,S,0.02,0.0,14.41,0.0,50.0,0.0
5.0,normal,C,E,0.02,0.0,12.44,0.0,50.0,0.0
5.0,normal,C,W,0.02,0.0,13.69,0.0,50.0,0.0
10.0,normal,C,N,0.06,0.0,13.15,0.0,50.0,0.0
10.0,normal,C,S,0.04,0.0,13.64,0.0,50.0,0.0
10.0,normal,C,E,0.04,0.0,13.06,0.0,50.0,0.0
10.0,normal,C,W,0.04,0.0,12.56,0.0,50.0,0.0
15.0,normal,C,N,0.06,0.0,12.96,0.0,50.0,0.0
15.0,normal,C,S,0.02,0.0,12.99,2.0,50.0,0.0
15.0,normal,C,E,0.04,0.0,13.35,0.0,50.0,0.0
15.0,normal,C,W,0.04,0.0,8.07,0.0,50.0,0.0
20.0,normal,C,N,0.04,0.0,12.28,4.0,50.0,0.0
20.0,normal,C,S,0.04,0.0,12.81,2.0,50.0,0.0
20.0,normal,C,E,0.06,1.0,9.42,0.0,50.0,0.0
20.0,normal,C,W,0.06,1.0,7.28,0.0,50.0,0.0
25.0,normal,C,N,0.04,0.0,12.92,4.0,50.0,0.0
25.0,normal,C,S,0.04,0.0,12.68,2.0,50.0,0.0
25.0,normal,C,E,0.08,2.0,4.82,0.0,50.0,0.0
25.0,normal,C,W,0.08,1.0,7.95,0.0,50.0,0.0
30.0,normal,C,N,0.04,0.0,12.9,6.0,50.0,0.0
30.0,normal,C,S,0.04,0.0,12.66,4.0,50.0,0.0
30.0,normal,C,E,0.08,2.0,4.71,0.0,50.0,0.0
30.0,normal,C,W,0.1,2.0,6.54,0.0,50.0,0.0
35.0,normal,C,N,0.02,0.0,11.87,8.0,50.0,0.0
35.0,normal,C,S,0.04,0.0,11.85,6.0,50.0,0.0
35.0,normal,C,E,0.1,3.0,4.23,0.0,50.0,0.0
35.0,normal,C,W,0.1,3.0,4.01,0.0,50.0,0.0
40.0,normal,C,N,0.04,0.0,13.0,8.0,50.0,0.0
40.0,normal,C,S,0.06,0.0,13.3,6.0,50.0,0.0
40.0,normal,C,E,0.12,3.0,3.56,0.0,50.0,0.0
40.0,normal,C,W,0.14,4.0,3.56,0.0,50.0,0.0
45.0,normal,C,N,0.04,0.0,13.15,10.0,50.0,1.0
45.0,normal,C,S,0.08,1.0,10.07,6.0,50.0,1.0
45.0,normal,C,E,0.14,4.0,4.9,0.0,50.0,1.0
45.0,normal,C,W,0.16,4.0,3.54,0.0,50.0,1.0
50.0,normal,C,N,0.04,0.0,10.1,10.0,50.0,2.0
50.0,normal,C,S,0.08,1.0,5.04,4.0,50.0,2.0
50.0,normal,C,E,0.12,0.0,6.15,4.0,50.0,2.0
50.0,normal,C,W,0.12,0.0,6.84,4.0,50.0,2.0
55.0,normal,C,N,0.06,1.0,7.5,6.0,50.0,2.0
55.0,normal,C,S,0.1,3.0,4.31,4.0,50.0,2.0
55.0,normal,C,E,0.1,0.0,10.4,8.0,50.0,2.0
55.0,normal,C,W,0.1,0.0,9.79,8.0,50.0,2.0
60.0,normal,C,N,0.06,1.0,5.44,6.0,50.0,2.0
60.0,normal,C,S,0.12,4.0,3.21,4.0,50.0,2.0
60.0,normal,C,E,0.08,0.0,12.84,14.0,50.0,2.0
60.0,normal,C,W,0.06,0.0,13.47,14.0,50.0,2.0
65.0,normal,C,N,0.08,2.0,5.9,4.0,50.0,2.0
65.0,normal,C,S,0.12,4.0,3.01,2.0,50.0,2.0
65.0,normal,C,E,0.1,0.0,12.77,14.0,50.0,2.0
65.0,normal,C,W,0.04,0.0,13.03,18.0,50.0,2.0
70.0,normal,C,N,0.1,3.0,3.46,2.0,50.0,2.0
70.0,normal,C,S,0.14,5.0,3.28,0.0,50.0,2.0
70.0,normal,C,E,0.06,0.0,13.46,18.0,50.0,2.0
70.0,normal,C,W,0.06,0.0,12.86,18.0,50.0,2.0
75.0,normal,C,N,0.12,3.0,6.05,2.0,50.0,2.0
75.0,normal,C,S,0.14,6.0,2.0,0.0,50.0,2.0
75.0,normal,C,E,0.04,0.0,13.5,22.0,50.0,2.0
75.0,normal,C,W,0.06,0.0,13.36,20.0,50.0,2.0
80.0,normal,C,N,0.14,4.0,4.72,0.0,50.0,2.0
80.0,normal,C,S,0.18,6.0,2.32,0.0,50.0,2.0
80.0,normal,C,E,0.02,0.0,12.74,24.0,50.0,2.0
80.0,normal,C,W,0.04,0.0,13.34,22.0,50.0,2.0
85.0,normal,C,N,0.14,5.0,2.01,0.0,50.0,2.0
85.0,normal,C,S,0.22,7.0,3.23,0.0,50.0,2.0
85.0,normal,C,E,0.04,0.0,12.99,20.0,50.0,2.0
85.0,normal,C,W,0.04,0.0,15.05,20.0,50.0,2.0
90.0,normal,C,N,0.16,6.0,2.32,0.0,50.0,3.0
90.0,normal,C,S,0.22,7.0,3.58,0.0,50.0,3.0
90.0,normal,C,E,0.04,0.0,12.51,18.0,50.0,3.0
90.0,normal,C,W,0.04,0.0,14.41,18.0,50.0,3.0
95.0,normal,C,N,0.12,1.0,3.36,4.0,50.0,0.0
95.0,normal,C,S,0.2,4.0,2.12,4.0,50.0,0.0
95.0,normal,C,E,0.08,0.0,11.14,12.0,50.0,0.0
95.0,normal,C,W,0.06,0.0,6.81,12.0,50.0,0.0
100.0,normal,C,N,0.1,0.0,6.98,8.0,50.0,0.0
100.0,normal,C,S,0.16,2.0,4.4,8.0,50.0,0.0
100.0,normal,C,E,0.1,1.0,9.61,12.0,50.0,0.0
100.0,normal,C,W,0.06,1.0,9.32,8.0,50.0,0.0
105.0,normal,C,N,0.06,0.0,11.9,14.0,50.0,0.0
105.0,normal,C,S,0.12,0.0,7.55,14.0,50.0,0.0
105.0,normal,C,E,0.12,1.0,8.28,8.0,50.0,0.0
105.0,normal,C,W,0.08,2.0,6.73,8.0,50.0,0.0
110.0,normal,C,N,0.04,0.0,13.53,16.0,50.0,0.0
110.0,normal,C,S,0.1,0.0,11.15,18.0,50.0,0.0
110.0,normal,C,E,0.12,3.0,2.72,4.0,50.0,0.0
110.0,normal,C,W,0.1,3.0,4.02,6.0,50.0,0.0
115.0,normal,C,N,0.04,0.0,12.52,18.0,50.0,0.0
115.0,normal,C,S,0.04,0.0,12.7,24.0,50.0,0.0
115.0,normal,C,E,0.14,5.0,2.62,2.0,50.0,0.0
115.0,normal,C,W,0.1,3.0,4.26,4.0,50.0,0.0
120.0,normal,C,N,0.04,0.0,12.98,18.0,50.0,0.0
120.0,normal,C,S,0.04,0.0,14.26,26.0,50.0,0.0
120.0,normal,C,E,0.16,6.0,2.29,2.0,50.0,0.0
120.0,normal,C,W,0.12,4.0,3.46,2.0,50.0,0.0
125.0,normal,C,N,0.04,0.0,12.97,20.0,50.0,0.0
125.0,normal,C,S,0.02,0.0,13.87,28.0,50.0,0.0
125.0,normal,C,E,0.18,6.0,3.4,0.0,50.0,0.0
125.0,normal,C,W,0.14,4.0,2.68,0.0,50.0,0.0
130.0,normal,C,N,0.06,0.0,13.38,18.0,50.0,0.0
130.0,normal,C,S,0.04,0.0,13.16,24.0,50.0,0.0
130.0,normal,C,E,0.2,7.0,3.04,0.0,50.0,0.0
130.0,normal,C,W,0.14,5.0,3.27,0.0,50.0,0.0
135.0,normal,C,N,0.06,0.0,12.31,14.0,50.0,1.0
135.0,normal,C,S,0.04,0.0,13.53,22.0,50.0,1.0
135.0,normal,C,E,0.2,8.0,1.73,0.0,50.0,1.0
135.0,normal,C,W,0.16,6.0,2.83,0.0,50.0,1.0
140.0,normal,C,N,0.08,1.0,9.59,8.0,50.0,2.0
140.0,normal,C,S,0.04,0.0,13.42,16.0,50.0,2.0
140.0,normal,C,E,0.18,5.0,2.15,4.0,50.0,2.0
140.0,normal,C,W,0.14,2.0,4.15,4.0,50.0,2.0
145.0,normal,C,N,0.08,2.0,3.38,6.0,50.0,2.0
145.0,normal,C,S,0.06,1.0,7.51,12.0,50.0,2.0
145.0,normal,C,E,0.16,2.0,4.87,8.0,50.0,2.0
145.0,normal,C,W,0.12,0.0,8.06,8.0,50.0,2.0
150.0,normal,C,N,0.1,3.0,4.5,4.0,50.0,2.0
150.0,normal,C,S,0.06,1.0,5.07,6.0,50.0,2.0
150.0,normal,C,E,0.1,0.0,8.9,14.0,50.0,2.0
150.0,normal,C,W,0.08,0.0,13.13,14.0,50.0,2.0
155.0,normal,C,N,0.1,4.0,2.63,4.0,50.0,2.0
155.0,normal,C,S,0.08,2.0,6.08,4.0,50.0,2.0
155.0,normal,C,E,0.06,0.0,13.1,20.0,50.0,2.0
155.0,normal,C,W,0.06,0.0,12.62,18.0,50.0,2.0
160.0,normal,C,N,0.12,4.0,3.57,2.0,50.0,2.0
160.0,normal,C,S,0.08,3.0,3.06,2.0,50.0,2.0
160.0,normal,C,E,0.04,0.0,12.98,22.0,50.0,2.0
160.0,normal,C,W,0.06,0.0,12.36,20.0,50.0,2.0
165.0,normal,C,N,0.14,5.0,2.79,0.0,50.0,2.0
165.0,normal,C,S,0.1,3.0,4.65,2.0,50.0,2.0
165.0,normal,C,E,0.04,0.0,13.04,24.0,50.0,2.0
165.0,normal,C,W,0.04,0.0,12.12,22.0,50.0,2.0
170.0,normal,C,N,0.14,5.0,2.13,0.0,50.0,2.0
170.0,normal,C,S,0.12,4.0,2.56,0.0,50.0,2.0
170.0,normal,C,E,0.04,0.0,14.15,26.0,50.0,2.0
170.0,normal,C,W,0.06,0.0,13.0,22.0,50.0,2.0
175.0,normal,C,N,0.16,6.0,2.4,0.0,50.0,2.0
175.0,normal,C,S,0.12,4.0,3.71,0.0,50.0,2.0
175.0,normal,C,E,0.04,0.0,13.65,22.0,50.0,2.0
175.0,normal,C,W,0.04,0.0,14.02,22.0,50.0,2.0
180.0,normal,C,N,0.16,7.0,1.66,0.0,50.0,3.0
180.0,normal,C,S,0.14,5.0,2.85,0.0,50.0,3.0
180.0,normal,C,E,0.04,0.0,13.35,20.0,50.0,3.0
180.0,normal,C,W,0.04,0.0,10.85,18.0,50.0,3.0
185.0,normal,C,N,0.14,2.0,4.01,4.0,50.0,0.0
185.0,normal,C,S,0.1,1.0,4.36,4.0,50.0,0.0
185.0,normal,C,E,0.06,1.0,6.12,14.0,50.0,0.0
185.0,normal,C,W,0.06,1.0,8.77,12.0,50.0,0.0
190.0,normal,C,N,0.12,0.0,7.35,8.0,50.0,0.0
190.0,normal,C,S,0.08,0.0,9.58,8.0,50.0,0.0
190.0,normal,C,E,0.08,1.0,9.61,8.0,50.0,0.0
190.0,normal,C,W,0.08,1.0,5.47,8.0,50.0,0.0
195.0,normal,C,N,0.06,0.0,11.19,14.0,50.0,0.0
195.0,normal,C,S,0.04,0.0,12.95,14.0,50.0,0.0
195.0,normal,C,E,0.1,2.0,7.6,6.0,50.0,0.0
195.0,normal,C,W,0.08,2.0,4.31,6.0,50.0,0.0
200.0,normal,C,N,0.04,0.0,15.06,18.0,50.0,0.0
200.0,normal,C,S,0.04,0.0,13.57,14.0,50.0,0.0
200.0,normal,C,E,0.1,3.0,4.67,4.0,50.0,0.0
200.0,normal,C,W,0.1,3.0,4.69,4.0,50.0,0.0
205.0,normal,C,N,0.06,0.0,13.67,20.0,50.0,0.0
205.0,normal,C,S,0.04,0.0,13.18,16.0,50.0,0.0
205.0,normal,C,E,0.12,4.0,3.48,2.0,50.0,0.0
205.0,normal,C,W,0.12,3.0,3.99,4.0,50.0,0.0
210.0,normal,C,N,0.08,0.0,13.97,20.0,50.0,0.0
210.0,normal,C,S,0.02,0.0,12.91,18.0,50.0,0.0
210.0,normal,C,E,0.14,5.0,2.75,2.0,50.0,0.0
210.0,normal,C,W,0.16,4.0,4.77,0.0,50.0,0.0
215.0,normal,C,N,0.06,0.0,13.33,22.0,50.0,0.0
215.0,normal,C,S,0.04,0.0,14.07,18.0,50.0,0.0
215.0,normal,C,E,0.16,5.0,3.54,0.0,50.0,0.0
215.0,normal,C,W,0.18,5.0,4.98,0.0,50.0,0.0
220.0,normal,C,N,0.04,0.0,13.51,22.0,50.0,0.0
220.0,normal,C,S,0.06,0.0,14.01,16.0,50.0,0.0
220.0,normal,C,E,0.18,6.0,3.87,0.0,50.0,0.0
220.0,normal,C,W,0.2,6.0,3.44,0.0,50.0,0.0
225.0,normal,C,N,0.04,0.0,15.07,20.0,50.0,1.0
225.0,normal,C,S,0.06,0.0,10.13,12.0,50.0,1.0
225.0,normal,C,E,0.2,8.0,1.45,0.0,50.0,1.0
225.0,normal,C,W,0.22,8.0,2.0,0.0,50.0,1.0
230.0,normal,C,N,0.04,0.0,11.71,14.0,50.0,2.0
230.0,normal,C,S,0.08,1.0,7.95,6.0,50.0,2.0
230.0,normal,C,E,0.16,3.0,2.52,4.0,50.0,2.0
230.0,normal,C,W,0.18,6.0,2.15,4.0,50.0,2.0
235.0,normal,C,N,0.08,1.0,7.31,10.0,50.0,2.0
235.0,normal,C,S,0.08,3.0,3.55,6.0,50.0,2.0
235.0,normal,C,E,0.16,0.0,6.06,8.0,50.0,2.0
235.0,normal,C,W,0.16,1.0,5.06,8.0,50.0,2.0
240.0,normal,C,N,0.08,2.0,6.94,8.0,50.0,2.0
240.0,normal,C,S,0.1,3.0,4.14,4.0,50.0,2.0
240.0,normal,C,E,0.1,0.0,10.59,14.0,50.0,2.0
240.0,normal,C,W,0.12,0.0,8.59,14.0,50.0,2.0
245.0,normal,C,N,0.12,2.0,7.09,8.0,50.0,2.0
245.0,normal,C,S,0.12,4.0,3.35,2.0,50.0,2.0
245.0,normal,C,E,0.08,0.0,14.04,20.0,50.0,2.0
245.0,normal,C,W,0.08,0.0,11.11,18.0,50.0,2.0
250.0,normal,C,N,0.14,3.0,4.61,6.0,50.0,2.0
250.0,normal,C,S,0.12,4.0,2.92,2.0,50.0,2.0
250.0,normal,C,E,0.06,0.0,13.75,24.0,50.0,2.0
250.0,normal,C,W,0.04,0.0,10.75,24.0,50.0,2.0
255.0,normal,C,N,0.14,4.0,4.91,2.0,50.0,2.0
255.0,normal,C,S,0.14,5.0,3.0,0.0,50.0,2.0
255.0,normal,C,E,0.04,0.0,13.29,26.0,50.0,2.0
255.0,normal,C,W,0.06,0.0,11.46,24.0,50.0,2.0
260.0,normal,C,N,0.16,6.0,2.29,0.0,50.0,2.0
260.0,normal,C,S,0.14,6.0,2.1,0.0,50.0,2.0
260.0,normal,C,E,0.04,0.0,14.0,28.0,50.0,2.0
260.0,normal,C,W,0.04,0.0,11.85,26.0,50.0,2.0
265.0,normal,C,N,0.16,7.0,1.78,0.0,50.0,2.0
265.0,normal,C,S,0.16,6.0,2.27,0.0,50.0,2.0
265.0,normal,C,E,0.04,0.0,13.82,26.0,50.0,2.0
265.0,normal,C,W,0.06,0.0,12.63,24.0,50.0,2.0
270.0,normal,C,N,0.18,7.0,2.09,0.0,50.0,3.0
270.0,normal,C,S,0.18,7.0,2.1,0.0,50.0,3.0
270.0,normal,C,E,0.06,0.0,10.49,22.0,50.0,3.0
270.0,normal,C,W,0.08,0.0,10.81,20.0,50.0,3.0
275.0,normal,C,N,0.14,3.0,2.97,4.0,50.0,0.0
275.0,normal,C,S,0.14,2.0,3.29,4.0,50.0,0.0
275.0,normal,C,E,0.08,1.0,9.11,16.0,50.0,0.0
275.0,normal,C,W,0.1,1.0,7.48,14.0,50.0,0.0
280.0,normal,C,N,0.12,0.0,5.29,8.0,50.0,0.0
280.0,normal,C,S,0.1,0.0,6.33,10.0,50.0,0.0
280.0,normal,C,E,0.08,1.0,8.4,10.0,50.0,0.0
280.0,normal,C,W,0.1,2.0,3.75,10.0,50.0,0.0
285.0,normal,C,N,0.08,0.0,10.39,14.0,50.0,0.0
285.0,normal,C,S,0.06,0.0,10.59,14.0,50.0,0.0
285.0,normal,C,E,0.1,3.0,5.02,6.0,50.0,0.0
285.0,normal,C,W,0.12,4.0,3.58,4.0,50.0,0.0
290.0,normal,C,N,0.04,0.0,12.36,18.0,50.0,0.0
290.0,normal,C,S,0.04,0.0,12.32,18.0,50.0,0.0
290.0,normal,C,E,0.12,4.0,2.82,4.0,50.0,0.0
290.0,normal,C,W,0.14,5.0,2.76,4.0,50.0,0.0
295.0,normal,C,N,0.04,0.0,12.21,20.0,50.0,0.0
295.0,normal,C,S,0.04,0.0,11.14,20.0,50.0,0.0
295.0,normal,C,E,0.12,4.0,2.82,2.0,50.0,0.0
295.0,normal,C,W,0.14,5.0,3.09,2.0,50.0,0.0
300.0,normal,C,N,0.04,0.0,12.11,20.0,50.0,0.0
300.0,normal,C,S,0.06,0.0,13.52,20.0,50.0,0.0
300.0,normal,C,E,0.14,5.0,3.14,0.0,50.0,0.0
300.0,normal,C,W,0.16,6.0,2.57,0.0,50.0,0.0
305.0,normal,C,N,0.04,0.0,13.81,22.0,50.0,0.0
305.0,normal,C,S,0.06,0.0,13.79,22.0,50.0,0.0
305.0,normal,C,E,0.16,6.0,2.09,0.0,50.0,0.0
305.0,normal,C,W,0.18,7.0,2.03,0.0,50.0,0.0
310.0,normal,C,N,0.04,0.0,13.97,20.0,50.0,0.0
310.0,normal,C,S,0.04,0.0,13.46,20.0,50.0,0.0
310.0,normal,C,E,0.18,6.0,1.89,0.0,50.0,0.0
310.0,normal,C,W,0.18,7.0,1.44,0.0,50.0,0.0
315.0,normal,C,N,0.04,0.0,8.07,16.0,50.0,1.0
315.0,normal,C,S,0.04,0.0,12.89,16.0,50.0,1.0
315.0,normal,C,E,0.2,7.0,3.16,0.0,50.0,1.0
315.0,normal,C,W,0.2,8.0,2.33,0.0,50.0,1.0
320.0,normal,C,N,0.06,1.0,6.92,10.0,50.0,2.0
320.0,normal,C,S,0.06,1.0,5.67,12.0,50.0,2.0
320.0,normal,C,E,0.16,3.0,4.32,4.0,50.0,2.0
320.0,normal,C,W,0.2,5.0,3.05,4.0,50.0,2.0
325.0,normal,C,N,0.06,1.0,6.38,6.0,50.0,2.0
325.0,normal,C,S,0.06,1.0,8.31,8.0,50.0,2.0
325.0,normal,C,E,0.14,0.0,6.05,8.0,50.0,2.0
325.0,normal,C,W,0.18,2.0,5.45,8.0,50.0,2.0
330.0,normal,C,N,0.08,2.0,5.18,4.0,50.0,2.0
330.0,normal,C,S,0.08,2.0,5.9,6.0,50.0,2.0
330.0,normal,C,E,0.1,0.0,10.17,14.0,50.0,2.0
330.0,normal,C,W,0.12,0.0,8.85,14.0,50.0,2.0
335.0,normal,C,N,0.08,2.0,3.26,4.0,50.0,2.0
335.0,normal,C,S,0.08,2.0,3.95,6.0,50.0,2.0
335.0,normal,C,E,0.04,0.0,12.82,20.0,50.0,2.0
335.0,normal,C,W,0.12,0.0,11.9,18.0,50.0,2.0
340.0,normal,C,N,0.1,3.0,4.02,2.0,50.0,2.0
340.0,normal,C,S,0.1,3.0,4.79,4.0,50.0,2.0
340.0,normal,C,E,0.04,0.0,12.55,22.0,50.0,2.0
340.0,normal,C,W,0.08,0.0,12.34,24.0,50.0,2.0
345.0,normal,C,N,0.12,4.0,2.87,0.0,50.0,2.0
345.0,normal,C,S,0.12,4.0,2.22,2.0,50.0,2.0
345.0,normal,C,E,0.06,0.0,12.56,22.0,50.0,2.0
345.0,normal,C,W,0.06,0.0,13.2,26.0,50.0,2.0
350.0,normal,C,N,0.12,4.0,3.96,0.0,50.0,2.0
350.0,normal,C,S,0.12,4.0,4.1,0.0,50.0,2.0
350.0,normal,C,E,0.04,0.0,13.43,24.0,50.0,2.0
350.0,normal,C,W,0.06,0.0,12.56,28.0,50.0,2.0
355.0,normal,C,N,0.14,5.0,2.74,0.0,50.0,2.0
355.0,normal,C,S,0.16,5.0,2.77,0.0,50.0,2.0
355.0,normal,C,E,0.06,0.0,12.62,22.0,50.0,2.0
355.0,normal,C,W,0.04,0.0,12.57,28.0,50.0,2.0
360.0,normal,C,N,0.14,6.0,2.03,0.0,50.0,3.0
360.0,normal,C,S,0.16,5.0,3.46,0.0,50.0,3.0
360.0,normal,C,E,0.06,0.0,9.78,18.0,50.0,3.0
360.0,normal,C,W,0.04,0.0,12.98,24.0,50.0,3.0
365.0,normal,C,N,0.12,1.0,4.87,4.0,50.0,0.0
365.0,normal,C,S,0.14,1.0,6.08,4.0,50.0,0.0
365.0,normal,C,E,0.08,1.0,9.85,12.0,50.0,0.0
365.0,normal,C,W,0.06,1.0,7.78,18.0,50.0,0.0
370.0,normal,C,N,0.1,0.0,8.3,8.0,50.0,0.0
370.0,normal,C,S,0.12,0.0,7.48,8.0,50.0,0.0
370.0,normal,C,E,0.1,2.0,4.21,6.0,50.0,0.0
370.0,normal,C,W,0.08,2.0,4.53,14.0,50.0,0.0
375.0,normal,C,N,0.04,0.0,12.58,14.0,50.0,0.0
375.0,normal,C,S,0.06,0.0,12.01,14.0,50.0,0.0
375.0,normal,C,E,0.1,4.0,2.53,4.0,50.0,0.0
375.0,normal,C,W,0.08,2.0,6.35,8.0,50.0,0.0
380.0,normal,C,N,0.04,0.0,12.73,16.0,50.0,0.0
380.0,normal,C,S,0.06,0.0,14.56,18.0,50.0,0.0
380.0,normal,C,E,0.12,4.0,3.22,4.0,50.0,0.0
380.0,normal,C,W,0.1,3.0,5.16,6.0,50.0,0.0
385.0,normal,C,N,0.02,0.0,13.38,18.0,50.0,0.0
385.0,normal,C,S,0.04,0.0,13.3,20.0,50.0,0.0
385.0,normal,C,E,0.14,5.0,2.32,2.0,50.0,0.0
385.0,normal,C,W,0.12,4.0,2.98,4.0,50.0,0.0
390.0,normal,C,N,0.06,0.0,13.36,18.0,50.0,0.0
390.0,normal,C,S,0.06,0.0,14.4,20.0,50.0,0.0
390.0,normal,C,E,0.14,5.0,2.98,0.0,50.0,0.0
390.0,normal,C,W,0.14,4.0,4.18,0.0,50.0,0.0
395.0,normal,C,N,0.04,0.0,14.5,20.0,50.0,0.0
395.0,normal,C,S,0.04,0.0,13.86,24.0,50.0,0.0
395.0,normal,C,E,0.16,6.0,2.3,0.0,50.0,0.0
395.0,normal,C,W,0.14,5.0,3.29,0.0,50.0,0.0
400.0,normal,C,N,0.04,0.0,13.17,18.0,50.0,0.0
400.0,normal,C,S,0.04,0.0,14.13,20.0,50.0,0.0
400.0,normal,C,E,0.16,7.0,1.93,0.0,50.0,0.0
400.0,normal,C,W,0.16,6.0,2.68,0.0,50.0,0.0
405.0,normal,C,N,0.04,0.0,13.8,16.0,50.0,1.0
405.0,normal,C,S,0.04,0.0,13.66,18.0,50.0,1.0
405.0,normal,C,E,0.18,7.0,1.77,0.0,50.0,1.0
405.0,normal,C,W,0.18,7.0,1.69,0.0,50.0,1.0
410.0,normal,C,N,0.04,0.0,12.4,10.0,50.0,2.0
410.0,normal,C,S,0.04,0.0,12.66,12.0,50.0,2.0
410.0,normal,C,E,0.16,3.0,2.87,4.0,50.0,2.0
410.0,normal,C,W,0.14,3.0,3.06,4.0,50.0,2.0
415.0,normal,C,N,0.06,1.0,7.92,8.0,50.0,2.0
415.0,normal,C,S,0.06,1.0,6.31,8.0,50.0,2.0
415.0,normal,C,E,0.12,0.0,6.88,8.0,50.0,2.0
415.0,normal,C,W,0.12,0.0,7.5,8.0,50.0,2.0
420.0,normal,C,N,0.06,2.0,4.33,6.0,50.0,2.0
420.0,normal,C,S,0.08,2.0,4.5,6.0,50.0,2.0
420.0,normal,C,E,0.08,0.0,11.77,14.0,50.0,2.0
420.0,normal,C,W,0.08,0.0,11.54,14.0,50.0,2.0
425.0,normal,C,N,0.1,2.0,6.53,6.0,50.0,2.0
425.0,normal,C,S,0.08,2.0,7.01,6.0,50.0,2.0
425.0,normal,C,E,0.06,0.0,13.16,18.0,50.0,2.0
425.0,normal,C,W,0.06,0.0,12.97,18.0,50.0,2.0
430.0,normal,C,N,0.12,3.0,5.5,4.0,50.0,2.0
430.0,normal,C,S,0.1,3.0,5.01,2.0,50.0,2.0
430.0,normal,C,E,0.04,0.0,12.55,20.0,50.0,2.0
430.0,normal,C,W,0.06,0.0,12.61,20.0,50.0,2.0
435.0,normal,C,N,0.12,3.0,4.74,2.0,50.0,2.0
435.0,normal,C,S,0.1,4.0,2.76,2.0,50.0,2.0
435.0,normal,C,E,0.04,0.0,12.5,22.0,50.0,2.0
435.0,normal,C,W,0.06,0.0,11.86,22.0,50.0,2.0
440.0,normal,C,N,0.14,5.0,2.31,0.0,50.0,2.0
440.0,normal,C,S,0.14,4.0,3.36,0.0,50.0,2.0
440.0,normal,C,E,0.04,0.0,11.88,22.0,50.0,2.0
440.0,normal,C,W,0.04,0.0,10.63,24.0,50.0,2.0
445.0,normal,C,N,0.16,5.0,2.75,0.0,50.0,2.0
445.0,normal,C,S,0.16,5.0,4.31,0.0,50.0,2.0
445.0,normal,C,E,0.04,0.0,13.66,20.0,50.0,2.0
445.0,normal,C,W,0.04,0.0,12.55,22.0,50.0,2.0
450.0,normal,C,N,0.18,6.0,3.26,0.0,50.0,3.0
450.0,normal,C,S,0.18,5.0,4.6,0.0,50.0,3.0
450.0,normal,C,E,0.04,0.0,13.41,18.0,50.0,3.0
450.0,normal,C,W,0.06,0.0,11.57,18.0,50.0,3.0
455.0,normal,C,N,0.14,1.0,4.11,4.0,50.0,0.0
455.0,normal,C,S,0.16,3.0,4.78,4.0,50.0,0.0
455.0,normal,C,E,0.04,0.0,10.97,12.0,50.0,0.0
455.0,normal,C,W,0.08,0.0,6.37,12.0,50.0,0.0
460.0,normal,C,N,0.14,0.0,5.38,8.0,50.0,0.0
460.0,normal,C,S,0.12,0.0,6.17,8.0,50.0,0.0
460.0,normal,C,E,0.06,1.0,7.44,8.0,50.0,0.0
460.0,normal,C,W,0.08,2.0,7.2,8.0,50.0,0.0
465.0,normal,C,N,0.1,0.0,10.43,14.0,50.0,0.0
465.0,normal,C,S,0.1,0.0,10.85,14.0,50.0,0.0
465.0,normal,C,E,0.1,1.0,8.57,6.0,50.0,0.0
465.0,normal,C,W,0.1,3.0,5.3,6.0,50.0,0.0
470.0,normal,C,N,0.06,0.0,13.61,18.0,50.0,0.0
470.0,normal,C,S,0.06,0.0,11.62,18.0,50.0,0.0
470.0,normal,C,E,0.1,2.0,7.7,4.0,50.0,0.0
470.0,normal,C,W,0.12,4.0,2.9,4.0,50.0,0.0
475.0,normal,C,N,0.06,0.0,11.74,20.0,50.0,0.0
475.0,normal,C,S,0.06,0.0,12.02,20.0,50.0,0.0
475.0,normal,C,E,0.12,3.0,5.09,4.0,50.0,0.0
475.0,normal,C,W,0.12,4.0,3.88,2.0,50.0,0.0
480.0,normal,C,N,0.02,0.0,12.65,24.0,50.0,0.0
480.0,normal,C,S,0.06,0.0,11.85,22.0,50.0,0.0
480.0,normal,C,E,0.12,5.0,2.38,2.0,50.0,0.0
480.0,normal,C,W,0.14,5.0,3.04,0.0,50.0,0.0
485.0,normal,C,N,0.04,0.0,12.18,24.0,50.0,0.0
485.0,normal,C,S,0.04,0.0,11.07,24.0,50.0,0.0
485.0,normal,C,E,0.14,5.0,2.49,0.0,50.0,0.0
485.0,normal,C,W,0.16,6.0,2.11,0.0,50.0,0.0
490.0,normal,C,N,0.04,0.0,12.95,22.0,50.0,0.0
490.0,normal,C,S,0.06,0.0,12.97,22.0,50.0,0.0
490.0,normal,C,E,0.16,6.0,2.18,0.0,50.0,0.0
490.0,normal,C,W,0.16,6.0,2.11,0.0,50.0,0.0
495.0,normal,C,N,0.04,0.0,11.84,18.0,50.0,1.0
495.0,normal,C,S,0.06,0.0,13.18,18.0,50.0,1.0
495.0,normal,C,E,0.18,6.0,2.28,0.0,50.0,1.0
495.0,normal,C,W,0.18,7.0,2.35,0.0,50.0,1.0
500.0,normal,C,N,0.04,1.0,6.64,12.0,50.0,2.0
500.0,normal,C,S,0.08,0.0,7.11,12.0,50.0,2.0
500.0,normal,C,E,0.16,2.0,5.26,4.0,50.0,2.0
500.0,normal,C,W,0.16,3.0,3.51,4.0,50.0,2.0
505.0,normal,C,N,0.06,1.0,5.08,8.0,50.0,2.0
505.0,normal,C,S,0.1,3.0,4.1,8.0,50.0,2.0
505.0,normal,C,E,0.14,0.0,6.75,8.0,50.0,2.0
505.0,normal,C,W,0.14,0.0,6.0,8.0,50.0,2.0
510.0,normal,C,N,0.08,2.0,6.14,6.0,50.0,2.0
510.0,normal,C,S,0.1,3.0,2.87,6.0,50.0,2.0
510.0,normal,C,E,0.08,0.0,9.68,14.0,50.0,2.0
510.0,normal,C,W,0.08,0.0,10.4,14.0,50.0,2.0
515.0,normal,C,N,0.08,2.0,5.95,2.0,50.0,2.0
515.0,normal,C,S,0.12,4.0,3.78,4.0,50.0,2.0
515.0,normal,C,E,0.06,0.0,13.59,18.0,50.0,2.0
515.0,normal,C,W,0.06,0.0,13.75,18.0,50.0,2.0
520.0,normal,C,N,0.1,3.0,5.09,2.0,50.0,2.0
520.0,normal,C,S,0.12,5.0,2.22,2.0,50.0,2.0
520.0,normal,C,E,0.02,0.0,13.06,22.0,50.0,2.0
520.0,normal,C,W,0.02,0.0,13.23,22.0,50.0,2.0
525.0,normal,C,N,0.14,4.0,4.3,0.0,50.0,2.0
525.0,normal,C,S,0.14,5.0,2.62,0.0,50.0,2.0
525.0,normal,C,E,0.06,0.0,13.06,22.0,50.0,2.0
525.0,normal,C,W,0.04,0.0,13.89,22.0,50.0,2.0
530.0,normal,C,N,0.14,4.0,4.45,0.0,50.0,2.0
530.0,normal,C,S,0.16,6.0,2.17,0.0,50.0,2.0
530.0,normal,C,E,0.06,0.0,12.75,24.0,50.0,2.0
530.0,normal,C,W,0.04,0.0,14.18,24.0,50.0,2.0
535.0,normal,C,N,0.16,5.0,2.99,0.0,50.0,2.0
535.0,normal,C,S,0.16,6.0,1.92,0.0,50.0,2.0
535.0,normal,C,E,0.06,0.0,13.02,20.0,50.0,2.0
535.0,normal,C,W,0.06,0.0,14.82,20.0,50.0,2.0
540.0,normal,C,N,0.16,7.0,1.92,0.0,50.0,3.0
540.0,normal,C,S,0.18,7.0,2.09,0.0,50.0,3.0
540.0,normal,C,E,0.08,0.0,12.53,18.0,50.0,3.0
540.0,normal,C,W,0.04,0.0,11.5,18.0,50.0,3.0
545.0,normal,C,N,0.14,3.0,3.12,4.0,50.0,0.0
545.0,normal,C,S,0.14,4.0,3.02,4.0,50.0,0.0
545.0,normal,C,E,0.1,1.0,7.26,12.0,50.0,0.0
545.0,normal,C,W,0.08,1.0,9.96,12.0,50.0,0.0
550.0,normal,C,N,0.12,0.0,6.27,8.0,50.0,0.0
550.0,normal,C,S,0.12,0.0,5.4,8.0,50.0,0.0
550.0,normal,C,E,0.1,2.0,6.57,8.0,50.0,0.0
550.0,normal,C,W,0.12,2.0,7.52,8.0,50.0,0.0
555.0,normal,C,N,0.06,0.0,10.86,14.0,50.0,0.0
555.0,normal,C,S,0.08,0.0,9.69,14.0,50.0,0.0
555.0,normal,C,E,0.12,4.0,2.89,4.0,50.0,0.0
555.0,normal,C,W,0.12,2.0,6.51,4.0,50.0,0.0
560.0,normal,C,N,0.04,0.0,13.16,18.0,50.0,0.0
560.0,normal,C,S,0.04,0.0,11.6,18.0,50.0,0.0
560.0,normal,C,E,0.12,4.0,3.24,4.0,50.0,0.0
560.0,normal,C,W,0.14,3.0,4.93,4.0,50.0,0.0
565.0,normal,C,N,0.04,0.0,12.52,18.0,50.0,0.0
565.0,normal,C,S,0.04,0.0,12.52,20.0,50.0,0.0
565.0,normal,C,E,0.14,5.0,3.33,2.0,50.0,0.0
565.0,normal,C,W,0.16,6.0,2.45,2.0,50.0,0.0
570.0,normal,C,N,0.04,0.0,12.85,20.0,50.0,0.0
570.0,normal,C,S,0.04,0.0,11.78,20.0,50.0,0.0
570.0,normal,C,E,0.16,6.0,2.19,2.0,50.0,0.0
570.0,normal,C,W,0.18,6.0,2.14,2.0,50.0,0.0
575.0,normal,C,N,0.02,0.0,11.27,22.0,50.0,0.0
575.0,normal,C,S,0.04,0.0,12.89,22.0,50.0,0.0
575.0,normal,C,E,0.16,6.0,2.1,0.0,50.0,0.0
575.0,normal,C,W,0.18,7.0,2.15,0.0,50.0,0.0
580.0,normal,C,N,0.04,0.0,13.7,18.0,50.0,0.0
580.0,normal,C,S,0.06,0.0,13.47,20.0,50.0,0.0
580.0,normal,C,E,0.18,7.0,2.0,0.0,50.0,0.0
580.0,normal,C,W,0.2,8.0,2.04,0.0,50.0,0.0
585.0,normal,C,N,0.06,1.0,8.66,14.0,50.0,1.0
585.0,normal,C,S,0.06,0.0,12.66,16.0,50.0,1.0
585.0,normal,C,E,0.2,8.0,1.53,0.0,50.0,1.0
585.0,normal,C,W,0.22,9.0,1.19,0.0,50.0,1.0
590.0,normal,C,N,0.06,1.0,5.97,8.0,50.0,2.0
590.0,normal,C,S,0.08,1.0,8.59,10.0,50.0,2.0
590.0,normal,C,E,0.16,4.0,2.88,4.0,50.0,2.0
590.0,normal,C,W,0.18,4.0,2.94,4.0,50.0,2.0
595.0,normal,C,N,0.08,2.0,4.81,4.0,50.0,2.0
595.0,normal,C,S,0.08,2.0,3.81,6.0,50.0,2.0
595.0,normal,C,E,0.14,1.0,6.04,8.0,50.0,2.0
595.0,normal,C,W,0.16,1.0,5.77,8.0,50.0,2.0
600.0,normal,C,N,0.08,3.0,3.29,4.0,50.0,2.0
600.0,normal,C,S,0.1,3.0,4.23,4.0,50.0,2.0
600.0,normal,C,E,0.08,0.0,9.37,14.0,50.0,2.0
600.0,normal,C,W,0.12,0.0,8.87,14.0,50.0,2.0
605.0,normal,C,N,0.14,3.0,5.68,2.0,50.0,2.0
605.0,normal,C,S,0.16,3.0,5.18,4.0,50.0,2.0
605.0,normal,C,E,0.04,0.0,12.46,20.0,50.0,2.0
605.0,normal,C,W,0.14,0.0,11.8,18.0,50.0,2.0
610.0,normal,C,N,0.18,4.0,6.41,0.0,50.0,2.0
610.0,normal,C,S,0.2,4.0,7.37,2.0,50.0,2.0
610.0,normal,C,E,0.08,0.0,13.17,22.0,50.0,2.0
610.0,normal,C,W,0.12,0.0,12.42,24.0,50.0,2.0
615.0,normal,C,N,0.24,4.0,6.99,0.0,50.0,2.0
615.0,normal,C,S,0.26,6.0,5.38,0.0,50.0,2.0
615.0,normal,C,E,0.12,0.0,12.9,22.0,50.0,2.0
615.0,normal,C,W,0.16,0.0,12.3,26.0,50.0,2.0
620.0,normal,C,N,0.28,6.0,4.41,0.0,50.0,2.0
620.0,normal,C,S,0.3,8.0,3.74,0.0,50.0,2.0
620.0,normal,C,E,0.14,0.0,12.53,24.0,50.0,2.0
620.0,normal,C,W,0.16,0.0,11.92,30.0,50.0,2.0
625.0,normal,C,N,0.34,9.0,3.17,0.0,50.0,2.0
625.0,normal,C,S,0.36,11.0,2.47,0.0,50.0,2.0
625.0,normal,C,E,0.12,0.0,12.75,26.0,50.0,2.0
625.0,normal,C,W,0.14,0.0,12.16,32.0,50.0,2.0
630.0,normal,C,N,0.38,12.0,2.0,0.0,50.0,3.0
630.0,normal,C,S,0.4,14.0,1.65,0.0,50.0,3.0
630.0,normal,C,E,0.16,0.0,12.0,24.0,50.0,3.0
630.0,normal,C,W,0.18,0.0,11.2,30.0,50.0,3.0
635.0,normal,C,N,0.38,11.0,1.47,4.0,50.0,0.0
635.0,normal,C,S,0.4,12.0,1.35,4.0,50.0,0.0
635.0,normal,C,E,0.22,1.0,8.56,18.0,50.0,0.0
635.0,normal,C,W,0.2,2.0,6.05,24.0,50.0,0.0
640.0,normal,C,N,0.38,11.0,1.93,8.0,50.0,0.0
640.0,normal,C,S,0.4,12.0,1.75,8.0,50.0,0.0
640.0,normal,C,E,0.22,4.0,4.29,12.0,50.0,0.0
640.0,normal,C,W,0.22,6.0,2.88,20.0,50.0,0.0
645.0,normal,C,N,0.36,9.0,2.11,14.0,50.0,0.0
645.0,normal,C,S,0.36,10.0,2.14,14.0,50.0,0.0
645.0,normal,C,E,0.24,8.0,1.64,10.0,50.0,0.0
645.0,normal,C,W,0.26,9.0,2.25,14.0,50.0,0.0
650.0,normal,C,N,0.32,8.0,3.31,18.0,50.0,0.0
650.0,normal,C,S,0.3,8.0,3.27,20.0,50.0,0.0
650.0,normal,C,E,0.26,11.0,1.13,10.0,50.0,0.0
650.0,normal,C,W,0.3,10.0,2.69,12.0,50.0,0.0
655.0,normal,C,N,0.26,4.0,4.65,24.0,50.0,0.0
655.0,normal,C,S,0.26,3.0,5.73,24.0,50.0,0.0
655.0,normal,C,E,0.3,11.0,2.34,8.0,50.0,0.0
655.0,normal,C,W,0.36,12.0,2.5,8.0,50.0,0.0
660.0,normal,C,N,0.22,0.0,7.46,28.0,50.0,0.0
660.0,normal,C,S,0.2,0.0,8.59,30.0,50.0,0.0
660.0,normal,C,E,0.34,12.0,1.93,2.0,50.0,0.0
660.0,normal,C,W,0.4,15.0,1.56,2.0,50.0,0.0
665.0,normal,C,N,0.18,0.0,10.72,34.0,50.0,0.0
665.0,normal,C,S,0.18,0.0,10.94,36.0,50.0,0.0
665.0,normal,C,E,0.38,14.0,1.62,0.0,50.0,0.0
665.0,normal,C,W,0.42,17.0,0.85,0.0,50.0,0.0
670.0,normal,C,N,0.16,0.0,11.91,36.0,50.0,0.0
670.0,normal,C,S,0.18,0.0,10.6,36.0,50.0,0.0
670.0,normal,C,E,0.42,18.0,0.88,0.0,50.0,0.0
670.0,normal,C,W,0.46,20.0,0.57,0.0,50.0,0.0
675.0,normal,C,N,0.18,0.0,9.28,34.0,50.0,1.0
675.0,normal,C,S,0.18,0.0,9.3,36.0,50.0,1.0
675.0,normal,C,E,0.46,20.0,0.55,0.0,50.0,1.0
675.0,normal,C,W,0.5,23.0,0.26,0.0,50.0,1.0
680.0,normal,C,N,0.2,3.0,5.03,28.0,50.0,2.0
680.0,normal,C,S,0.2,3.0,5.85,30.0,50.0,2.0
680.0,normal,C,E,0.44,17.0,0.61,4.0,50.0,2.0
680.0,normal,C,W,0.46,20.0,0.42,4.0,50.0,2.0
685.0,normal,C,N,0.22,7.0,2.71,24.0,50.0,2.0
685.0,normal,C,S,0.2,5.0,2.81,24.0,50.0,2.0
685.0,normal,C,E,0.42,16.0,1.07,8.0,50.0,2.0
685.0,normal,C,W,0.4,16.0,0.79,10.0,50.0,2.0
690.0,normal,C,N,0.22,10.0,1.17,18.0,50.0,2.0
690.0,normal,C,S,0.22,9.0,0.49,20.0,50.0,2.0
690.0,normal,C,E,0.36,12.0,1.71,14.0,50.0,2.0
690.0,normal,C,W,0.36,12.0,1.96,14.0,50.0,2.0
695.0,normal,C,N,0.26,11.0,0.74,14.0,50.0,2.0
695.0,normal,C,S,0.26,10.0,1.47,14.0,50.0,2.0
695.0,normal,C,E,0.32,8.0,3.19,18.0,50.0,2.0
695.0,normal,C,W,0.3,8.0,3.21,20.0,50.0,2.0
700.0,normal,C,N,0.3,11.0,2.27,8.0,50.0,2.0
700.0,normal,C,S,0.3,10.0,2.7,8.0,50.0,2.0
700.0,normal,C,E,0.26,4.0,4.68,24.0,50.0,2.0
700.0,normal,C,W,0.24,4.0,4.88,26.0,50.0,2.0
705.0,normal,C,N,0.34,12.0,2.29,2.0,50.0,2.0
705.0,normal,C,S,0.34,11.0,2.71,4.0,50.0,2.0
705.0,normal,C,E,0.22,0.0,7.51,28.0,50.0,2.0
705.0,normal,C,W,0.2,0.0,8.04,30.0,50.0,2.0
710.0,normal,C,N,0.38,14.0,1.73,0.0,50.0,2.0
710.0,normal,C,S,0.38,14.0,1.94,0.0,50.0,2.0
710.0,normal,C,E,0.16,0.0,9.95,34.0,50.0,2.0
710.0,normal,C,W,0.16,0.0,11.3,36.0,50.0,2.0
715.0,normal,C,N,0.42,17.0,1.02,0.0,50.0,2.0
715.0,normal,C,S,0.42,16.0,1.03,0.0,50.0,2.0
715.0,normal,C,E,0.16,0.0,11.26,34.0,50.0,2.0
715.0,normal,C,W,0.18,0.0,11.75,36.0,50.0,2.0
720.0,normal,C,N,0.46,19.0,0.65,0.0,50.0,3.0
720.0,normal,C,S,0.46,20.0,0.62,0.0,50.0,3.0
720.0,normal,C,E,0.16,0.0,10.15,34.0,50.0,3.0
720.0,normal,C,W,0.16,0.0,10.32,34.0,50.0,3.0
725.0,normal,C,N,0.44,17.0,0.64,4.0,50.0,0.0
725.0,normal,C,S,0.46,17.0,0.67,4.0,50.0,0.0
725.0,normal,C,E,0.2,4.0,6.88,28.0,50.0,0.0
725.0,normal,C,W,0.22,3.0,6.33,30.0,50.0,0.0
730.0,normal,C,N,0.42,16.0,0.93,8.0,50.0,0.0
730.0,normal,C,S,0.42,16.0,1.21,8.0,50.0,0.0
730.0,normal,C,E,0.22,7.0,3.17,24.0,50.0,0.0
730.0,normal,C,W,0.24,6.0,4.17,24.0,50.0,0.0
735.0,normal,C,N,0.36,12.0,1.54,14.0,50.0,0.0
735.0,normal,C,S,0.36,12.0,1.78,14.0,50.0,0.0
735.0,normal,C,E,0.22,9.0,1.66,18.0,50.0,0.0
735.0,normal,C,W,0.26,9.0,2.02,18.0,50.0,0.0
740.0,normal,C,N,0.32,8.0,2.96,18.0,50.0,0.0
740.0,normal,C,S,0.32,7.0,3.37,18.0,50.0,0.0
740.0,normal,C,E,0.26,11.0,0.89,14.0,50.0,0.0
740.0,normal,C,W,0.3,11.0,2.2,14.0,50.0,0.0
745.0,normal,C,N,0.26,4.0,4.38,24.0,50.0,0.0
745.0,normal,C,S,0.26,3.0,5.12,24.0,50.0,0.0
745.0,normal,C,E,0.3,11.0,2.42,8.0,50.0,0.0
745.0,normal,C,W,0.36,13.0,2.15,8.0,50.0,0.0
750.0,normal,C,N,0.22,0.0,7.43,28.0,50.0,0.0
750.0,normal,C,S,0.2,0.0,7.42,30.0,50.0,0.0
750.0,normal,C,E,0.34,12.0,2.45,4.0,50.0,0.0
750.0,normal,C,W,0.4,15.0,1.62,4.0,50.0,0.0
755.0,normal,C,N,0.18,0.0,9.36,34.0,50.0,0.0
755.0,normal,C,S,0.18,0.0,9.86,34.0,50.0,0.0
755.0,normal,C,E,0.38,15.0,1.58,0.0,50.0,0.0
755.0,normal,C,W,0.44,18.0,0.82,0.0,50.0,0.0
760.0,normal,C,N,0.18,0.0,10.1,34.0,50.0,0.0
760.0,normal,C,S,0.16,0.0,10.79,36.0,50.0,0.0
760.0,normal,C,E,0.42,17.0,1.0,0.0,50.0,0.0
760.0,normal,C,W,0.46,21.0,0.48,0.0,50.0,0.0
765.0,normal,C,N,0.18,0.0,8.52,32.0,50.0,1.0
765.0,normal,C,S,0.16,0.0,9.05,34.0,50.0,1.0
765.0,normal,C,E,0.46,20.0,0.55,0.0,50.0,1.0
765.0,normal,C,W,0.5,23.0,0.19,0.0,50.0,1.0
770.0,normal,C,N,0.2,2.0,5.1,26.0,50.0,2.0
770.0,normal,C,S,0.16,3.0,3.44,28.0,50.0,2.0
770.0,normal,C,E,0.44,17.0,0.66,4.0,50.0,2.0
770.0,normal,C,W,0.46,20.0,0.4,4.0,50.0,2.0
775.0,normal,C,N,0.22,6.0,2.03,22.0,50.0,2.0
775.0,normal,C,S,0.18,7.0,1.3,24.0,50.0,2.0
775.0,normal,C,E,0.42,16.0,1.26,8.0,50.0,2.0
775.0,normal,C,W,0.42,16.0,1.24,8.0,50.0,2.0
780.0,normal,C,N,0.22,9.0,1.11,16.0,50.0,2.0
780.0,normal,C,S,0.22,8.0,2.48,18.0,50.0,2.0
780.0,normal,C,E,0.36,11.0,2.09,14.0,50.0,2.0
780.0,normal,C,W,0.36,13.0,2.05,14.0,50.0,2.0
785.0,normal,C,N,0.26,10.0,1.42,12.0,50.0,2.0
785.0,normal,C,S,0.26,8.0,2.86,12.0,50.0,2.0
785.0,normal,C,E,0.3,7.0,3.47,20.0,50.0,2.0
785.0,normal,C,W,0.3,8.0,3.19,20.0,50.0,2.0
790.0,normal,C,N,0.3,11.0,2.44,6.0,50.0,2.0
790.0,normal,C,S,0.3,9.0,3.5,8.0,50.0,2.0
790.0,normal,C,E,0.24,4.0,5.21,26.0,50.0,2.0
790.0,normal,C,W,0.26,4.0,5.26,24.0,50.0,2.0
795.0,normal,C,N,0.34,12.0,2.12,2.0,50.0,2.0
795.0,normal,C,S,0.36,12.0,2.5,2.0,50.0,2.0
795.0,normal,C,E,0.2,0.0,8.25,30.0,50.0,2.0
795.0,normal,C,W,0.2,0.0,7.91,30.0,50.0,2.0
800.0,normal,C,N,0.38,15.0,1.56,0.0,50.0,2.0
800.0,normal,C,S,0.4,15.0,1.49,0.0,50.0,2.0
800.0,normal,C,E,0.16,0.0,11.68,36.0,50.0,2.0
800.0,normal,C,W,0.16,0.0,11.4,36.0,50.0,2.0
805.0,normal,C,N,0.42,17.0,1.03,0.0,50.0,2.0
805.0,normal,C,S,0.44,17.0,0.89,0.0,50.0,2.0
805.0,normal,C,E,0.14,0.0,12.54,38.0,50.0,2.0
805.0,normal,C,W,0.16,0.0,12.89,36.0,50.0,2.0
810.0,normal,C,N,0.46,20.0,0.55,0.0,50.0,3.0
810.0,normal,C,S,0.48,21.0,0.48,0.0,50.0,3.0
810.0,normal,C,E,0.16,0.0,11.13,36.0,50.0,3.0
810.0,normal,C,W,0.16,0.0,10.8,36.0,50.0,3.0
815.0,normal,C,N,0.46,18.0,0.58,4.0,50.0,0.0
815.0,normal,C,S,0.46,18.0,0.55,4.0,50.0,0.0
815.0,normal,C,E,0.18,3.0,5.73,30.0,50.0,0.0
815.0,normal,C,W,0.16,3.0,5.61,30.0,50.0,0.0
820.0,normal,C,N,0.42,16.0,0.99,8.0,50.0,0.0
820.0,normal,C,S,0.42,16.0,1.17,8.0,50.0,0.0
820.0,normal,C,E,0.2,6.0,3.05,24.0,50.0,0.0
820.0,normal,C,W,0.16,5.0,2.22,24.0,50.0,0.0
825.0,normal,C,N,0.36,12.0,1.7,14.0,50.0,0.0
825.0,normal,C,S,0.36,12.0,1.85,14.0,50.0,0.0
825.0,normal,C,E,0.22,9.0,1.2,18.0,50.0,0.0
825.0,normal,C,W,0.18,8.0,0.72,20.0,50.0,0.0
830.0,normal,C,N,0.32,8.0,3.02,18.0,50.0,0.0
830.0,normal,C,S,0.32,7.0,3.51,18.0,50.0,0.0
830.0,normal,C,E,0.24,9.0,1.37,14.0,50.0,0.0
830.0,normal,C,W,0.22,8.0,2.47,14.0,50.0,0.0
835.0,normal,C,N,0.26,4.0,4.58,24.0,50.0,0.0
835.0,normal,C,S,0.26,4.0,5.46,24.0,50.0,0.0
835.0,normal,C,E,0.3,10.0,2.88,8.0,50.0,0.0
835.0,normal,C,W,0.28,8.0,3.39,8.0,50.0,0.0
840.0,normal,C,N,0.22,0.0,7.32,28.0,50.0,0.0
840.0,normal,C,S,0.2,0.0,8.01,30.0,50.0,0.0
840.0,normal,C,E,0.34,11.0,3.07,2.0,50.0,0.0
840.0,normal,C,W,0.32,9.0,3.36,4.0,50.0,0.0
845.0,normal,C,N,0.2,0.0,9.23,32.0,50.0,0.0
845.0,normal,C,S,0.16,0.0,11.19,36.0,50.0,0.0
845.0,normal,C,E,0.4,14.0,1.74,0.0,50.0,0.0
845.0,normal,C,W,0.36,12.0,2.36,0.0,50.0,0.0
850.0,normal,C,N,0.18,0.0,9.64,34.0,50.0,0.0
850.0,normal,C,S,0.16,0.0,12.24,36.0,50.0,0.0
850.0,normal,C,E,0.42,17.0,0.89,0.0,50.0,0.0
850.0,normal,C,W,0.4,15.0,1.4,0.0,50.0,0.0
855.0,normal,C,N,0.16,0.0,7.41,32.0,50.0,1.0
855.0,normal,C,S,0.16,0.0,10.84,36.0,50.0,1.0
855.0,normal,C,E,0.46,20.0,0.56,0.0,50.0,1.0
855.0,normal,C,W,0.44,18.0,0.82,0.0,50.0,1.0
860.0,normal,C,N,0.16,5.0,2.36,26.0,50.0,2.0
860.0,normal,C,S,0.18,3.0,6.02,30.0,50.0,2.0
860.0,normal,C,E,0.46,19.0,0.6,4.0,50.0,2.0
860.0,normal,C,W,0.44,16.0,0.72,4.0,50.0,2.0
865.0,normal,C,N,0.18,7.0,1.02,22.0,50.0,2.0
865.0,normal,C,S,0.18,6.0,1.69,26.0,50.0,2.0
865.0,normal,C,E,0.42,16.0,1.21,8.0,50.0,2.0
865.0,normal,C,W,0.42,14.0,1.15,8.0,50.0,2.0
870.0,normal,C,N,0.18,8.0,1.66,16.0,50.0,2.0
870.0,normal,C,S,0.18,9.0,0.03,20.0,50.0,2.0
870.0,normal,C,E,0.36,12.0,1.99,14.0,50.0,2.0
870.0,normal,C,W,0.36,12.0,1.62,14.0,50.0,2.0
875.0,normal,C,N,0.22,8.0,1.14,12.0,50.0,2.0
875.0,normal,C,S,0.22,9.0,1.05,14.0,50.0,2.0
875.0,normal,C,E,0.3,8.0,3.17,20.0,50.0,2.0
875.0,normal,C,W,0.32,7.0,3.08,18.0,50.0,2.0
880.0,normal,C,N,0.26,9.0,2.94,8.0,50.0,2.0
880.0,normal,C,S,0.26,9.0,2.44,8.0,50.0,2.0
880.0,normal,C,E,0.24,4.0,5.08,26.0,50.0,2.0
880.0,normal,C,W,0.26,3.0,4.52,24.0,50.0,2.0
885.0,normal,C,N,0.3,10.0,3.03,2.0,50.0,2.0
885.0,normal,C,S,0.3,9.0,3.21,4.0,50.0,2.0
885.0,normal,C,E,0.2,0.0,8.1,30.0,50.0,2.0
885.0,normal,C,W,0.2,0.0,7.09,30.0,50.0,2.0
890.0,normal,C,N,0.36,12.0,2.51,0.0,50.0,2.0
890.0,normal,C,S,0.34,11.0,2.68,0.0,50.0,2.0
890.0,normal,C,E,0.14,0.0,11.37,36.0,50.0,2.0
890.0,normal,C,W,0.18,0.0,9.64,34.0,50.0,2.0
895.0,normal,C,N,0.4,15.0,1.64,0.0,50.0,2.0
895.0,normal,C,S,0.38,14.0,1.65,0.0,50.0,2.0
895.0,normal,C,E,0.12,0.0,12.09,38.0,50.0,2.0
895.0,normal,C,W,0.18,0.0,11.79,34.0,50.0,2.0
900.0,normal,C,N,0.44,17.0,0.76,0.0,50.0,3.0
900.0,normal,C,S,0.42,16.0,0.83,0.0,50.0,3.0
900.0,normal,C,E,0.14,0.0,11.34,36.0,50.0,3.0
900.0,normal,C,W,0.18,0.0,10.09,34.0,50.0,3.0
905.0,normal,C,N,0.44,17.0,0.8,4.0,50.0,0.0
905.0,normal,C,S,0.42,15.0,1.08,4.0,50.0,0.0
905.0,normal,C,E,0.18,3.0,6.47,30.0,50.0,0.0
905.0,normal,C,W,0.2,3.0,5.23,28.0,50.0,0.0
910.0,normal,C,N,0.42,14.0,1.36,8.0,50.0,0.0
910.0,normal,C,S,0.42,14.0,1.35,8.0,50.0,0.0
910.0,normal,C,E,0.24,5.0,5.19,24.0,50.0,0.0
910.0,normal,C,W,0.22,6.0,2.89,24.0,50.0,0.0
915.0,normal,C,N,0.36,12.0,2.05,14.0,50.0,0.0
915.0,normal,C,S,0.36,12.0,1.78,14.0,50.0,0.0
915.0,normal,C,E,0.26,7.0,3.68,18.0,50.0,0.0
915.0,normal,C,W,0.24,10.0,1.52,18.0,50.0,0.0
920.0,normal,C,N,0.3,7.0,3.43,20.0,50.0,0.0
920.0,normal,C,S,0.32,8.0,3.28,18.0,50.0,0.0
920.0,normal,C,E,0.3,10.0,2.01,14.0,50.0,0.0
920.0,normal,C,W,0.28,11.0,1.82,12.0,50.0,0.0
925.0,normal,C,N,0.26,4.0,5.93,24.0,50.0,0.0
925.0,normal,C,S,0.26,4.0,4.82,24.0,50.0,0.0
925.0,normal,C,E,0.34,12.0,2.29,8.0,50.0,0.0
925.0,normal,C,W,0.32,11.0,2.69,8.0,50.0,0.0
930.0,normal,C,N,0.2,0.0,8.79,30.0,50.0,0.0
930.0,normal,C,S,0.2,0.0,7.45,30.0,50.0,0.0
930.0,normal,C,E,0.38,15.0,1.57,2.0,50.0,0.0
930.0,normal,C,W,0.36,13.0,1.76,4.0,50.0,0.0
935.0,normal,C,N,0.16,0.0,11.53,36.0,50.0,0.0
935.0,normal,C,S,0.18,0.0,11.57,34.0,50.0,0.0
935.0,normal,C,E,0.42,17.0,0.92,0.0,50.0,0.0
935.0,normal,C,W,0.4,16.0,1.11,0.0,50.0,0.0
940.0,normal,C,N,0.16,0.0,12.52,38.0,50.0,0.0
940.0,normal,C,S,0.16,0.0,12.32,36.0,50.0,0.0
940.0,normal,C,E,0.46,19.0,0.6,0.0,50.0,0.0
940.0,normal,C,W,0.44,18.0,0.75,0.0,50.0,0.0
945.0,normal,C,N,0.18,0.0,9.99,36.0,50.0,1.0
945.0,normal,C,S,0.18,1.0,8.94,34.0,50.0,1.0
945.0,normal,C,E,0.48,22.0,0.29,0.0,50.0,1.0
945.0,normal,C,W,0.48,22.0,0.31,0.0,50.0,1.0
950.0,normal,C,N,0.18,3.0,5.28,30.0,50.0,2.0
950.0,normal,C,S,0.2,4.0,5.12,28.0,50.0,2.0
950.0,normal,C,E,0.46,20.0,0.33,4.0,50.0,2.0
950.0,normal,C,W,0.46,19.0,0.46,4.0,50.0,2.0
955.0,normal,C,N,0.2,6.0,1.1,24.0,50.0,2.0
955.0,normal,C,S,0.22,7.0,1.79,24.0,50.0,2.0
955.0,normal,C,E,0.42,16.0,1.08,8.0,50.0,2.0
955.0,normal,C,W,0.42,16.0,0.97,8.0,50.0,2.0
960.0,normal,C,N,0.22,9.0,1.33,20.0,50.0,2.0
960.0,normal,C,S,0.24,10.0,1.22,18.0,50.0,2.0
960.0,normal,C,E,0.36,12.0,1.9,14.0,50.0,2.0
960.0,normal,C,W,0.36,12.0,1.52,14.0,50.0,2.0
965.0,normal,C,N,0.26,9.0,2.14,14.0,50.0,2.0
965.0,normal,C,S,0.28,10.0,1.94,12.0,50.0,2.0
965.0,normal,C,E,0.32,7.0,3.5,18.0,50.0,2.0
965.0,normal,C,W,0.32,9.0,2.94,18.0,50.0,2.0
970.0,normal,C,N,0.3,10.0,3.12,8.0,50.0,2.0
970.0,normal,C,S,0.32,11.0,2.64,8.0,50.0,2.0
970.0,normal,C,E,0.26,4.0,5.09,24.0,50.0,2.0
970.0,normal,C,W,0.26,5.0,4.52,24.0,50.0,2.0
975.0,normal,C,N,0.34,12.0,2.51,2.0,50.0,2.0
975.0,normal,C,S,0.36,13.0,2.1,2.0,50.0,2.0
975.0,normal,C,E,0.2,0.0,7.63,30.0,50.0,2.0
975.0,normal,C,W,0.22,0.0,7.42,28.0,50.0,2.0
980.0,normal,C,N,0.38,14.0,1.57,0.0,50.0,2.0
980.0,normal,C,S,0.4,15.0,1.28,0.0,50.0,2.0
980.0,normal,C,E,0.18,0.0,9.8,34.0,50.0,2.0
980.0,normal,C,W,0.18,0.0,11.09,34.0,50.0,2.0
985.0,normal,C,N,0.42,17.0,1.0,0.0,50.0,2.0
985.0,normal,C,S,0.44,18.0,0.78,0.0,50.0,2.0
985.0,normal,C,E,0.2,0.0,10.61,34.0,50.0,2.0
985.0,normal,C,W,0.14,0.0,11.75,36.0,50.0,2.0
990.0,normal,C,N,0.46,19.0,0.58,0.0,50.0,3.0
990.0,normal,C,S,0.48,22.0,0.39,0.0,50.0,3.0
990.0,normal,C,E,0.2,0.0,9.75,34.0,50.0,3.0
990.0,normal,C,W,0.18,0.0,10.35,34.0,50.0,3.0
995.0,normal,C,N,0.44,18.0,0.55,4.0,50.0,0.0
995.0,normal,C,S,0.46,19.0,0.53,4.0,50.0,0.0
995.0,normal,C,E,0.22,3.0,5.02,28.0,50.0,0.0
995.0,normal,C,W,0.22,4.0,5.49,28.0,50.0,0.0
1000.0,normal,C,N,0.42,16.0,1.07,8.0,50.0,0.0
1000.0,normal,C,S,0.4,16.0,0.9,10.0,50.0,0.0
1000.0,normal,C,E,0.22,8.0,2.39,24.0,50.0,0.0
1000.0,normal,C,W,0.24,7.0,3.57,24.0,50.0,0.0
1005.0,normal,C,N,0.36,13.0,1.6,14.0,50.0,0.0
1005.0,normal,C,S,0.36,13.0,2.13,14.0,50.0,0.0
1005.0,normal,C,E,0.26,10.0,1.27,18.0,50.0,0.0
1005.0,normal,C,W,0.28,9.0,2.15,18.0,50.0,0.0
1010.0,normal,C,N,0.3,9.0,2.77,20.0,50.0,0.0
1010.0,normal,C,S,0.3,8.0,3.07,20.0,50.0,0.0
1010.0,normal,C,E,0.3,11.0,2.35,12.0,50.0,0.0
1010.0,normal,C,W,0.32,11.0,2.7,14.0,50.0,0.0
1015.0,normal,C,N,0.26,4.0,5.03,24.0,50.0,0.0
1015.0,normal,C,S,0.26,4.0,5.17,24.0,50.0,0.0
1015.0,normal,C,E,0.34,12.0,2.61,8.0,50.0,0.0
1015.0,normal,C,W,0.36,13.0,1.94,8.0,50.0,0.0
1020.0,normal,C,N,0.2,0.0,7.94,30.0,50.0,0.0
1020.0,normal,C,S,0.2,0.0,7.75,30.0,50.0,0.0
1020.0,normal,C,E,0.4,14.0,1.77,4.0,50.0,0.0
1020.0,normal,C,W,0.4,15.0,1.5,2.0,50.0,0.0
1025.0,normal,C,N,0.16,0.0,11.04,34.0,50.0,0.0
1025.0,normal,C,S,0.14,0.0,10.68,36.0,50.0,0.0
1025.0,normal,C,E,0.44,17.0,0.94,0.0,50.0,0.0
1025.0,normal,C,W,0.44,18.0,0.71,0.0,50.0,0.0
1030.0,normal,C,N,0.12,0.0,11.41,36.0,50.0,0.0
1030.0,normal,C,S,0.14,0.0,11.62,36.0,50.0,0.0
1030.0,normal,C,E,0.46,20.0,0.52,0.0,50.0,0.0
1030.0,normal,C,W,0.48,22.0,0.44,0.0,50.0,0.0
1035.0,normal,C,N,0.12,0.0,10.42,36.0,50.0,1.0
1035.0,normal,C,S,0.16,0.0,8.63,32.0,50.0,1.0
1035.0,normal,C,E,0.5,23.0,0.16,0.0,50.0,1.0
1035.0,normal,C,W,0.5,23.0,0.16,0.0,50.0,1.0
1040.0,normal,C,N,0.14,3.0,6.35,30.0,50.0,2.0
1040.0,normal,C,S,0.2,3.0,7.19,28.0,50.0,2.0
1040.0,normal,C,E,0.46,21.0,0.29,4.0,50.0,2.0
1040.0,normal,C,W,0.46,20.0,0.33,4.0,50.0,2.0
1045.0,normal,C,N,0.16,4.0,3.61,24.0,50.0,2.0
1045.0,normal,C,S,0.22,5.0,4.0,22.0,50.0,2.0
1045.0,normal,C,E,0.42,17.0,0.98,8.0,50.0,2.0
1045.0,normal,C,W,0.42,17.0,1.15,8.0,50.0,2.0
1050.0,normal,C,N,0.2,6.0,3.74,20.0,50.0,2.0
1050.0,normal,C,S,0.24,9.0,1.52,18.0,50.0,2.0
1050.0,normal,C,E,0.36,12.0,1.73,14.0,50.0,2.0
1050.0,normal,C,W,0.36,13.0,1.98,14.0,50.0,2.0
1055.0,normal,C,N,0.24,7.0,3.95,14.0,50.0,2.0
1055.0,normal,C,S,0.28,11.0,1.18,12.0,50.0,2.0
1055.0,normal,C,E,0.32,8.0,3.35,18.0,50.0,2.0
1055.0,normal,C,W,0.3,8.0,3.25,20.0,50.0,2.0
1060.0,normal,C,N,0.3,9.0,3.77,10.0,50.0,2.0
1060.0,normal,C,S,0.3,11.0,2.15,6.0,50.0,2.0
1060.0,normal,C,E,0.26,4.0,5.01,24.0,50.0,2.0
1060.0,normal,C,W,0.26,3.0,5.56,24.0,50.0,2.0
1065.0,normal,C,N,0.34,10.0,3.1,4.0,50.0,2.0
1065.0,normal,C,S,0.34,12.0,2.08,2.0,50.0,2.0
1065.0,normal,C,E,0.2,0.0,7.79,30.0,50.0,2.0
1065.0,normal,C,W,0.2,0.0,8.33,30.0,50.0,2.0
1070.0,normal,C,N,0.4,14.0,1.61,0.0,50.0,2.0
1070.0,normal,C,S,0.38,14.0,1.54,0.0,50.0,2.0
1070.0,normal,C,E,0.16,0.0,11.36,34.0,50.0,2.0
1070.0,normal,C,W,0.16,0.0,11.67,36.0,50.0,2.0
1075.0,normal,C,N,0.44,17.0,1.11,0.0,50.0,2.0
1075.0,normal,C,S,0.42,17.0,0.86,0.0,50.0,2.0
1075.0,normal,C,E,0.14,0.0,12.81,36.0,50.0,2.0
1075.0,normal,C,W,0.14,0.0,11.27,36.0,50.0,2.0
1080.0,normal,C,N,0.48,22.0,0.42,0.0,50.0,3.0
1080.0,normal,C,S,0.46,20.0,0.52,0.0,50.0,3.0
1080.0,normal,C,E,0.14,0.0,11.99,36.0,50.0,3.0
1080.0,normal,C,W,0.12,0.0,9.63,36.0,50.0,3.0
1085.0,normal,C,N,0.46,19.0,0.47,4.0,50.0,0.0
1085.0,normal,C,S,0.44,18.0,0.59,4.0,50.0,0.0
1085.0,normal,C,E,0.18,3.0,6.43,30.0,50.0,0.0
1085.0,normal,C,W,0.12,3.0,4.73,30.0,50.0,0.0
1090.0,normal,C,N,0.42,16.0,1.09,8.0,50.0,0.0
1090.0,normal,C,S,0.42,16.0,0.97,8.0,50.0,0.0
1090.0,normal,C,E,0.2,6.0,3.96,26.0,50.0,0.0
1090.0,normal,C,W,0.12,5.0,0.8,24.0,50.0,0.0
1095.0,normal,C,N,0.36,12.0,2.13,14.0,50.0,0.0
1095.0,normal,C,S,0.36,12.0,1.7,14.0,50.0,0.0
1095.0,normal,C,E,0.24,8.0,2.59,20.0,50.0,0.0
1095.0,normal,C,W,0.16,6.0,1.05,20.0,50.0,0.0
1100.0,normal,C,N,0.3,8.0,3.18,20.0,50.0,0.0
1100.0,normal,C,S,0.32,8.0,3.45,18.0,50.0,0.0
1100.0,normal,C,E,0.3,10.0,3.09,14.0,50.0,0.0
1100.0,normal,C,W,0.2,6.0,3.24,14.0,50.0,0.0
1105.0,normal,C,N,0.26,4.0,5.69,24.0,50.0,0.0
1105.0,normal,C,S,0.26,4.0,4.77,24.0,50.0,0.0
1105.0,normal,C,E,0.34,11.0,2.58,10.0,50.0,0.0
1105.0,normal,C,W,0.24,6.0,4.9,8.0,50.0,0.0
1110.0,normal,C,N,0.2,0.0,8.1,30.0,50.0,0.0
1110.0,normal,C,S,0.22,0.0,7.41,28.0,50.0,0.0
1110.0,normal,C,E,0.38,14.0,1.75,4.0,50.0,0.0
1110.0,normal,C,W,0.28,7.0,4.71,4.0,50.0,0.0
1115.0,normal,C,N,0.16,0.0,10.27,34.0,50.0,0.0
1115.0,normal,C,S,0.18,0.0,10.11,34.0,50.0,0.0
1115.0,normal,C,E,0.42,17.0,1.15,0.0,50.0,0.0
1115.0,normal,C,W,0.34,11.0,2.84,0.0,50.0,0.0
1120.0,normal,C,N,0.14,0.0,10.85,36.0,50.0,0.0
1120.0,normal,C,S,0.18,0.0,10.65,34.0,50.0,0.0
1120.0,normal,C,E,0.44,19.0,0.58,0.0,50.0,0.0
1120.0,normal,C,W,0.38,13.0,2.03,0.0,50.0,0.0
1125.0,normal,C,N,0.16,1.0,9.28,34.0,50.0,1.0
1125.0,normal,C,S,0.18,0.0,9.61,34.0,50.0,1.0
1125.0,normal,C,E,0.48,22.0,0.46,0.0,50.0,1.0
1125.0,normal,C,W,0.42,17.0,1.06,0.0,50.0,1.0
1130.0,normal,C,N,0.22,3.0,6.44,28.0,50.0,2.0
1130.0,normal,C,S,0.2,4.0,5.27,28.0,50.0,2.0
1130.0,normal,C,E,0.46,19.0,0.43,4.0,50.0,2.0
1130.0,normal,C,W,0.42,15.0,1.01,4.0,50.0,2.0
1135.0,normal,C,N,0.22,6.0,3.51,22.0,50.0,2.0
1135.0,normal,C,S,0.24,6.0,3.79,24.0,50.0,2.0
1135.0,normal,C,E,0.42,16.0,1.1,8.0,50.0,2.0
1135.0,normal,C,W,0.42,13.0,1.39,8.0,50.0,2.0
1140.0,normal,C,N,0.22,9.0,0.51,18.0,50.0,2.0
1140.0,normal,C,S,0.26,9.0,2.05,18.0,50.0,2.0
1140.0,normal,C,E,0.36,12.0,1.71,14.0,50.0,2.0
1140.0,normal,C,W,0.36,12.0,1.57,14.0,50.0,2.0
1145.0,normal,C,N,0.24,11.0,0.32,12.0,50.0,2.0
1145.0,normal,C,S,0.3,11.0,1.85,14.0,50.0,2.0
1145.0,normal,C,E,0.32,8.0,3.49,18.0,50.0,2.0
1145.0,normal,C,W,0.32,8.0,3.21,18.0,50.0,2.0
1150.0,normal,C,N,0.28,11.0,1.74,8.0,50.0,2.0
1150.0,normal,C,S,0.34,12.0,2.7,8.0,50.0,2.0
1150.0,normal,C,E,0.26,4.0,5.08,24.0,50.0,2.0
1150.0,normal,C,W,0.26,4.0,4.88,24.0,50.0,2.0
1155.0,normal,C,N,0.32,11.0,2.59,2.0,50.0,2.0
1155.0,normal,C,S,0.4,14.0,1.56,4.0,50.0,2.0
1155.0,normal,C,E,0.22,0.0,7.76,28.0,50.0,2.0
1155.0,normal,C,W,0.22,0.0,7.32,28.0,50.0,2.0
1160.0,normal,C,N,0.38,13.0,2.24,0.0,50.0,2.0
1160.0,normal,C,S,0.44,17.0,1.02,0.0,50.0,2.0
1160.0,normal,C,E,0.18,0.0,10.01,34.0,50.0,2.0
1160.0,normal,C,W,0.16,0.0,9.66,34.0,50.0,2.0
1165.0,normal,C,N,0.42,16.0,1.15,0.0,50.0,2.0
1165.0,normal,C,S,0.46,20.0,0.53,0.0,50.0,2.0
1165.0,normal,C,E,0.16,0.0,10.23,36.0,50.0,2.0
1165.0,normal,C,W,0.14,0.0,11.22,34.0,50.0,2.0
1170.0,normal,C,N,0.44,19.0,0.71,0.0,50.0,3.0
1170.0,normal,C,S,0.5,23.0,0.19,0.0,50.0,3.0
1170.0,normal,C,E,0.2,1.0,7.84,32.0,50.0,3.0
1170.0,normal,C,W,0.16,0.0,10.19,34.0,50.0,3.0
1175.0,normal,C,N,0.44,16.0,0.82,4.0,50.0,0.0
1175.0,normal,C,S,0.46,20.0,0.41,4.0,50.0,0.0
1175.0,normal,C,E,0.22,5.0,3.87,26.0,50.0,0.0
1175.0,normal,C,W,0.2,3.0,6.71,28.0,50.0,0.0
1180.0,normal,C,N,0.42,15.0,1.21,8.0,50.0,0.0
1180.0,normal,C,S,0.42,17.0,1.13,8.0,50.0,0.0
1180.0,normal,C,E,0.22,8.0,1.71,22.0,50.0,0.0
1180.0,normal,C,W,0.22,5.0,4.83,24.0,50.0,0.0
1185.0,normal,C,N,0.36,12.0,1.85,14.0,50.0,0.0
1185.0,normal,C,S,0.36,12.0,1.83,14.0,50.0,0.0
1185.0,normal,C,E,0.24,10.0,1.39,16.0,50.0,0.0
1185.0,normal,C,W,0.26,9.0,2.22,18.0,50.0,0.0
1190.0,normal,C,N,0.32,7.0,3.37,18.0,50.0,0.0
1190.0,normal,C,S,0.32,7.0,3.27,18.0,50.0,0.0
1190.0,normal,C,E,0.28,11.0,1.5,12.0,50.0,0.0
1190.0,normal,C,W,0.3,10.0,2.05,14.0,50.0,0.0
1195.0,normal,C,N,0.26,3.0,5.23,24.0,50.0,0.0
1195.0,normal,C,S,0.26,3.0,5.33,24.0,50.0,0.0
1195.0,normal,C,E,0.32,12.0,1.95,6.0,50.0,0.0
1195.0,normal,C,W,0.34,12.0,2.36,8.0,50.0,0.0
1200.0,normal,C,N,0.2,0.0,7.65,30.0,50.0,0.0
1200.0,normal,C,S,0.22,0.0,7.67,28.0,50.0,0.0
1200.0,normal,C,E,0.36,13.0,1.91,0.0,50.0,0.0
1200.0,normal,C,W,0.36,14.0,1.75,4.0,50.0,0.0
1205.0,normal,C,N,0.18,0.0,9.97,34.0,50.0,0.0
1205.0,normal,C,S,0.16,0.0,9.87,34.0,50.0,0.0
1205.0,normal,C,E,0.4,15.0,1.68,0.0,50.0,0.0
1205.0,normal,C,W,0.4,16.0,1.14,0.0,50.0,0.0
1210.0,normal,C,N,0.18,0.0,12.06,36.0,50.0,0.0
1210.0,normal,C,S,0.16,0.0,11.14,34.0,50.0,0.0
1210.0,normal,C,E,0.44,18.0,0.86,0.0,50.0,0.0
1210.0,normal,C,W,0.44,19.0,0.79,0.0,50.0,0.0
1215.0,normal,C,N,0.18,0.0,9.42,34.0,50.0,1.0
1215.0,normal,C,S,0.16,0.0,9.49,34.0,50.0,1.0
1215.0,normal,C,E,0.48,21.0,0.43,0.0,50.0,1.0
1215.0,normal,C,W,0.48,21.0,0.38,0.0,50.0,1.0
1220.0,normal,C,N,0.2,3.0,5.04,28.0,50.0,2.0
1220.0,normal,C,S,0.16,3.0,5.54,28.0,50.0,2.0
1220.0,normal,C,E,0.46,19.0,0.48,4.0,50.0,2.0
1220.0,normal,C,W,0.46,18.0,0.48,4.0,50.0,2.0
1225.0,normal,C,N,0.22,7.0,1.82,24.0,50.0,2.0
1225.0,normal,C,S,0.16,7.0,1.14,24.0,50.0,2.0
1225.0,normal,C,E,0.42,16.0,1.11,8.0,50.0,2.0
1225.0,normal,C,W,0.42,16.0,1.17,8.0,50.0,2.0
1230.0,normal,C,N,0.26,10.0,1.77,18.0,50.0,2.0
1230.0,normal,C,S,0.18,9.0,0.0,18.0,50.0,2.0
1230.0,normal,C,E,0.36,12.0,1.99,14.0,50.0,2.0
1230.0,normal,C,W,0.36,12.0,1.84,14.0,50.0,2.0
1235.0,normal,C,N,0.3,10.0,2.15,12.0,50.0,2.0
1235.0,normal,C,S,0.2,8.0,1.34,14.0,50.0,2.0
1235.0,normal,C,E,0.3,8.0,3.07,20.0,50.0,2.0
1235.0,normal,C,W,0.3,8.0,3.0,20.0,50.0,2.0
1240.0,normal,C,N,0.34,12.0,2.11,8.0,50.0,2.0
1240.0,normal,C,S,0.26,8.0,3.61,8.0,50.0,2.0
1240.0,normal,C,E,0.26,4.0,5.4,24.0,50.0,2.0
1240.0,normal,C,W,0.26,4.0,5.1,24.0,50.0,2.0
1245.0,normal,C,N,0.38,14.0,1.99,2.0,50.0,2.0
1245.0,normal,C,S,0.3,9.0,4.07,4.0,50.0,2.0
1245.0,normal,C,E,0.2,0.0,8.46,30.0,50.0,2.0
1245.0,normal,C,W,0.2,0.0,7.56,30.0,50.0,2.0
1250.0,normal,C,N,0.42,17.0,1.16,0.0,50.0,2.0
1250.0,normal,C,S,0.34,11.0,2.65,0.0,50.0,2.0
1250.0,normal,C,E,0.16,0.0,10.46,34.0,50.0,2.0
1250.0,normal,C,W,0.18,0.0,10.78,34.0,50.0,2.0
1255.0,normal,C,N,0.46,19.0,0.53,0.0,50.0,2.0
1255.0,normal,C,S,0.4,14.0,1.77,0.0,50.0,2.0
1255.0,normal,C,E,0.16,0.0,10.98,36.0,50.0,2.0
1255.0,normal,C,W,0.14,0.0,10.81,36.0,50.0,2.0
1260.0,normal,C,N,0.48,22.0,0.31,0.0,50.0,3.0
1260.0,normal,C,S,0.42,17.0,0.85,0.0,50.0,3.0
1260.0,normal,C,E,0.2,0.0,9.71,34.0,50.0,3.0
1260.0,normal,C,W,0.16,0.0,9.21,34.0,50.0,3.0
1265.0,normal,C,N,0.46,19.0,0.35,4.0,50.0,0.0
1265.0,normal,C,S,0.42,15.0,0.95,4.0,50.0,0.0
1265.0,normal,C,E,0.22,4.0,5.92,28.0,50.0,0.0
1265.0,normal,C,W,0.18,4.0,4.25,28.0,50.0,0.0
1270.0,normal,C,N,0.42,16.0,1.08,8.0,50.0,0.0
1270.0,normal,C,S,0.42,15.0,1.46,8.0,50.0,0.0
1270.0,normal,C,E,0.22,7.0,2.6,22.0,50.0,0.0
1270.0,normal,C,W,0.18,6.0,1.78,22.0,50.0,0.0
1275.0,normal,C,N,0.36,12.0,1.82,14.0,50.0,0.0
1275.0,normal,C,S,0.36,13.0,1.81,14.0,50.0,0.0
1275.0,normal,C,E,0.22,10.0,0.09,18.0,50.0,0.0
1275.0,normal,C,W,0.22,8.0,1.72,18.0,50.0,0.0
1280.0,normal,C,N,0.3,8.0,3.04,20.0,50.0,0.0
1280.0,normal,C,S,0.32,8.0,3.53,18.0,50.0,0.0
1280.0,normal,C,E,0.26,11.0,0.8,12.0,50.0,0.0
1280.0,normal,C,W,0.26,9.0,2.75,12.0,50.0,0.0
1285.0,normal,C,N,0.26,4.0,4.76,24.0,50.0,0.0
1285.0,normal,C,S,0.26,4.0,4.88,24.0,50.0,0.0
1285.0,normal,C,E,0.3,11.0,2.34,8.0,50.0,0.0
1285.0,normal,C,W,0.3,9.0,3.48,8.0,50.0,0.0
1290.0,normal,C,N,0.22,0.0,7.2,28.0,50.0,0.0
1290.0,normal,C,S,0.2,1.0,7.39,30.0,50.0,0.0
1290.0,normal,C,E,0.34,12.0,2.17,2.0,50.0,0.0
1290.0,normal,C,W,0.36,12.0,2.52,2.0,50.0,0.0
1295.0,normal,C,N,0.18,0.0,8.91,32.0,50.0,0.0
1295.0,normal,C,S,0.18,0.0,10.49,34.0,50.0,0.0
1295.0,normal,C,E,0.38,14.0,1.66,0.0,50.0,0.0
1295.0,normal,C,W,0.4,15.0,1.4,0.0,50.0,0.0
1300.0,normal,C,N,0.16,0.0,9.97,34.0,50.0,0.0
1300.0,normal,C,S,0.14,0.0,12.89,36.0,50.0,0.0
1300.0,normal,C,E,0.42,17.0,1.04,0.0,50.0,0.0
1300.0,normal,C,W,0.44,18.0,0.86,0.0,50.0,0.0
1305.0,normal,C,N,0.18,1.0,9.06,32.0,50.0,1.0
1305.0,normal,C,S,0.16,0.0,12.21,36.0,50.0,1.0
1305.0,normal,C,E,0.44,19.0,0.63,0.0,50.0,1.0
1305.0,normal,C,W,0.48,21.0,0.5,0.0,50.0,1.0
1310.0,normal,C,N,0.18,4.0,3.59,26.0,50.0,2.0
1310.0,normal,C,S,0.22,3.0,8.03,30.0,50.0,2.0
1310.0,normal,C,E,0.44,17.0,0.75,4.0,50.0,2.0
1310.0,normal,C,W,0.46,18.0,0.44,4.0,50.0,2.0
1315.0,normal,C,N,0.18,7.0,0.45,20.0,50.0,2.0
1315.0,normal,C,S,0.26,6.0,5.49,26.0,50.0,2.0
1315.0,normal,C,E,0.42,15.0,1.15,8.0,50.0,2.0
1315.0,normal,C,W,0.42,16.0,1.06,8.0,50.0,2.0
1320.0,normal,C,N,0.2,10.0,0.01,16.0,50.0,2.0
1320.0,normal,C,S,0.28,9.0,2.96,20.0,50.0,2.0
1320.0,normal,C,E,0.36,12.0,2.02,14.0,50.0,2.0
1320.0,normal,C,W,0.36,12.0,1.69,14.0,50.0,2.0
1325.0,normal,C,N,0.22,9.0,1.49,12.0,50.0,2.0
1325.0,normal,C,S,0.32,13.0,1.24,14.0,50.0,2.0
1325.0,normal,C,E,0.3,8.0,3.21,20.0,50.0,2.0
1325.0,normal,C,W,0.32,8.0,3.38,18.0,50.0,2.0
1330.0,normal,C,N,0.26,9.0,2.96,8.0,50.0,2.0
1330.0,normal,C,S,0.36,14.0,1.71,10.0,50.0,2.0
1330.0,normal,C,E,0.26,4.0,5.55,24.0,50.0,2.0
1330.0,normal,C,W,0.26,4.0,4.99,24.0,50.0,2.0
1335.0,normal,C,N,0.32,10.0,3.04,2.0,50.0,2.0
1335.0,normal,C,S,0.4,15.0,1.34,4.0,50.0,2.0
1335.0,normal,C,E,0.2,0.0,8.36,30.0,50.0,2.0
1335.0,normal,C,W,0.2,0.0,7.81,30.0,50.0,2.0
1340.0,normal,C,N,0.36,12.0,2.17,0.0,50.0,2.0
1340.0,normal,C,S,0.44,18.0,0.88,0.0,50.0,2.0
1340.0,normal,C,E,0.16,0.0,11.17,36.0,50.0,2.0
1340.0,normal,C,W,0.18,0.0,10.62,34.0,50.0,2.0
1345.0,normal,C,N,0.4,15.0,1.57,0.0,50.0,2.0
1345.0,normal,C,S,0.48,21.0,0.39,0.0,50.0,2.0
1345.0,normal,C,E,0.16,0.0,11.88,36.0,50.0,2.0
1345.0,normal,C,W,0.14,0.0,11.4,36.0,50.0,2.0
1350.0,normal,C,N,0.44,17.0,0.88,0.0,50.0,3.0
1350.0,normal,C,S,0.5,24.0,0.04,0.0,50.0,3.0
1350.0,normal,C,E,0.18,0.0,10.25,36.0,50.0,3.0
1350.0,normal,C,W,0.18,0.0,10.03,34.0,50.0,3.0
1355.0,normal,C,N,0.42,17.0,0.71,4.0,50.0,0.0
1355.0,normal,C,S,0.46,21.0,0.31,4.0,50.0,0.0
1355.0,normal,C,E,0.22,3.0,6.11,30.0,50.0,0.0
1355.0,normal,C,W,0.2,4.0,5.04,28.0,50.0,0.0
1360.0,normal,C,N,0.42,14.0,1.2,8.0,50.0,0.0
1360.0,normal,C,S,0.42,16.0,1.16,8.0,50.0,0.0
1360.0,normal,C,E,0.26,6.0,4.62,24.0,50.0,0.0
1360.0,normal,C,W,0.22,7.0,3.71,24.0,50.0,0.0
1365.0,normal,C,N,0.36,12.0,1.82,14.0,50.0,0.0
1365.0,normal,C,S,0.36,12.0,2.07,14.0,50.0,0.0
1365.0,normal,C,E,0.3,9.0,2.45,20.0,50.0,0.0
1365.0,normal,C,W,0.24,8.0,2.28,18.0,50.0,0.0
1370.0,normal,C,N,0.32,8.0,3.47,18.0,50.0,0.0
1370.0,normal,C,S,0.3,8.0,3.21,20.0,50.0,0.0
1370.0,normal,C,E,0.34,12.0,2.33,14.0,50.0,0.0
1370.0,normal,C,W,0.28,10.0,1.9,12.0,50.0,0.0
1375.0,normal,C,N,0.26,4.0,5.3,24.0,50.0,0.0
1375.0,normal,C,S,0.26,3.0,5.7,24.0,50.0,0.0
1375.0,normal,C,E,0.38,15.0,1.53,8.0,50.0,0.0
1375.0,normal,C,W,0.32,12.0,2.37,8.0,50.0,0.0
1380.0,normal,C,N,0.2,0.0,6.94,30.0,50.0,0.0
1380.0,normal,C,S,0.2,0.0,8.57,30.0,50.0,0.0
1380.0,normal,C,E,0.42,17.0,1.09,4.0,50.0,0.0
1380.0,normal,C,W,0.36,13.0,1.99,2.0,50.0,0.0
1385.0,normal,C,N,0.2,0.0,9.0,32.0,50.0,0.0
1385.0,normal,C,S,0.16,0.0,11.9,36.0,50.0,0.0
1385.0,normal,C,E,0.46,20.0,0.59,0.0,50.0,0.0
1385.0,normal,C,W,0.4,15.0,1.37,0.0,50.0,0.0
1390.0,normal,C,N,0.18,0.0,9.05,34.0,50.0,0.0
1390.0,normal,C,S,0.16,0.0,11.56,38.0,50.0,0.0
1390.0,normal,C,E,0.5,22.0,0.21,0.0,50.0,0.0
1390.0,normal,C,W,0.44,18.0,0.68,0.0,50.0,0.0
1395.0,normal,C,N,0.18,0.0,8.42,32.0,50.0,1.0
1395.0,normal,C,S,0.18,0.0,10.48,36.0,50.0,1.0
1395.0,normal,C,E,0.5,25.0,0.0,0.0,50.0,1.0
1395.0,normal,C,W,0.46,20.0,0.4,0.0,50.0,1.0
1400.0,normal,C,N,0.2,3.0,4.64,26.0,50.0,2.0
1400.0,normal,C,S,0.22,3.0,6.39,30.0,50.0,2.0
1400.0,normal,C,E,0.46,21.0,0.24,4.0,50.0,2.0
1400.0,normal,C,W,0.46,19.0,0.45,4.0,50.0,2.0
1405.0,normal,C,N,0.2,6.0,1.72,22.0,50.0,2.0
1405.0,normal,C,S,0.28,6.0,4.28,24.0,50.0,2.0
1405.0,normal,C,E,0.42,17.0,0.78,8.0,50.0,2.0
1405.0,normal,C,W,0.42,16.0,1.06,8.0,50.0,2.0
1410.0,normal,C,N,0.24,10.0,1.02,16.0,50.0,2.0
1410.0,normal,C,S,0.3,10.0,2.91,20.0,50.0,2.0
1410.0,normal,C,E,0.38,12.0,1.89,12.0,50.0,2.0
1410.0,normal,C,W,0.36,12.0,1.8,14.0,50.0,2.0
1415.0,normal,C,N,0.28,10.0,2.61,10.0,50.0,2.0
1415.0,normal,C,S,0.34,13.0,1.59,14.0,50.0,2.0
1415.0,normal,C,E,0.32,9.0,3.08,18.0,50.0,2.0
1415.0,normal,C,W,0.32,8.0,3.31,18.0,50.0,2.0
1420.0,normal,C,N,0.32,11.0,2.38,8.0,50.0,2.0
1420.0,normal,C,S,0.38,15.0,1.1,8.0,50.0,2.0
1420.0,normal,C,E,0.26,4.0,4.66,24.0,50.0,2.0
1420.0,normal,C,W,0.26,4.0,4.24,24.0,50.0,2.0
1425.0,normal,C,N,0.36,13.0,2.31,2.0,50.0,2.0
1425.0,normal,C,S,0.42,17.0,1.01,2.0,50.0,2.0
1425.0,normal,C,E,0.22,0.0,7.54,28.0,50.0,2.0
1425.0,normal,C,W,0.22,0.0,7.05,28.0,50.0,2.0
1430.0,normal,C,N,0.42,16.0,1.32,0.0,50.0,2.0
1430.0,normal,C,S,0.46,19.0,0.71,0.0,50.0,2.0
1430.0,normal,C,E,0.18,0.0,10.56,34.0,50.0,2.0
1430.0,normal,C,W,0.18,0.0,9.41,34.0,50.0,2.0
1435.0,normal,C,N,0.44,19.0,0.73,0.0,50.0,2.0
1435.0,normal,C,S,0.48,21.0,0.38,0.0,50.0,2.0
1435.0,normal,C,E,0.16,0.0,12.24,36.0,50.0,2.0
1435.0,normal,C,W,0.18,0.0,10.91,34.0,50.0,2.0
1440.0,normal,C,N,0.48,21.0,0.35,0.0,50.0,3.0
1440.0,normal,C,S,0.5,24.0,0.03,0.0,50.0,3.0
1440.0,normal,C,E,0.18,0.0,9.22,34.0,50.0,3.0
1440.0,normal,C,W,0.18,0.0,9.97,34.0,50.0,3.0
1445.0,normal,C,N,0.46,19.0,0.42,4.0,50.0,0.0
1445.0,normal,C,S,0.46,20.0,0.37,4.0,50.0,0.0
1445.0,normal,C,E,0.2,4.0,4.99,30.0,50.0,0.0
1445.0,normal,C,W,0.22,3.0,6.78,28.0,50.0,0.0
1450.0,normal,C,N,0.42,16.0,1.15,8.0,50.0,0.0
1450.0,normal,C,S,0.42,16.0,1.2,8.0,50.0,0.0
1450.0,normal,C,E,0.22,7.0,1.26,24.0,50.0,0.0
1450.0,normal,C,W,0.24,7.0,3.22,24.0,50.0,0.0
1455.0,normal,C,N,0.36,12.0,1.98,14.0,50.0,0.0
1455.0,normal,C,S,0.36,12.0,2.04,14.0,50.0,0.0
1455.0,normal,C,E,0.24,10.0,1.64,18.0,50.0,0.0
1455.0,normal,C,W,0.26,10.0,1.4,18.0,50.0,0.0
1460.0,normal,C,N,0.3,8.0,2.98,20.0,50.0,0.0
1460.0,normal,C,S,0.3,8.0,3.1,20.0,50.0,0.0
1460.0,normal,C,E,0.28,10.0,2.1,14.0,50.0,0.0
1460.0,normal,C,W,0.3,12.0,1.34,14.0,50.0,0.0
1465.0,normal,C,N,0.26,4.0,5.31,24.0,50.0,0.0
1465.0,normal,C,S,0.26,4.0,5.44,24.0,50.0,0.0
1465.0,normal,C,E,0.32,11.0,2.09,8.0,50.0,0.0
1465.0,normal,C,W,0.34,12.0,2.31,8.0,50.0,0.0
1470.0,normal,C,N,0.2,0.0,7.82,30.0,50.0,0.0
1470.0,normal,C,S,0.2,0.0,8.17,30.0,50.0,0.0
1470.0,normal,C,E,0.36,13.0,2.25,2.0,50.0,0.0
1470.0,normal,C,W,0.38,14.0,1.6,4.0,50.0,0.0
1475.0,normal,C,N,0.18,0.0,10.93,34.0,50.0,0.0
1475.0,normal,C,S,0.16,0.0,10.78,36.0,50.0,0.0
1475.0,normal,C,E,0.42,15.0,1.33,0.0,50.0,0.0
1475.0,normal,C,W,0.4,17.0,1.09,0.0,50.0,0.0
1480.0,normal,C,N,0.16,0.0,11.32,36.0,50.0,0.0
1480.0,normal,C,S,0.18,0.0,11.96,36.0,50.0,0.0
1480.0,normal,C,E,0.44,18.0,0.82,0.0,50.0,0.0
1480.0,normal,C,W,0.44,19.0,0.67,0.0,50.0,0.0
1485.0,normal,C,N,0.16,0.0,10.48,36.0,50.0,1.0
1485.0,normal,C,S,0.16,0.0,10.26,36.0,50.0,1.0
1485.0,normal,C,E,0.48,21.0,0.37,0.0,50.0,1.0
1485.0,normal,C,W,0.48,22.0,0.32,0.0,50.0,1.0
1490.0,normal,C,N,0.2,2.0,6.41,30.0,50.0,2.0
1490.0,normal,C,S,0.2,3.0,5.85,30.0,50.0,2.0
1490.0,normal,C,E,0.46,19.0,0.42,4.0,50.0,2.0
1490.0,normal,C,W,0.46,19.0,0.51,4.0,50.0,2.0
1495.0,normal,C,N,0.22,6.0,4.67,24.0,50.0,2.0
1495.0,normal,C,S,0.2,5.0,3.18,24.0,50.0,2.0
1495.0,normal,C,E,0.42,16.0,1.08,8.0,50.0,2.0
1495.0,normal,C,W,0.42,16.0,1.26,8.0,50.0,2.0
1500.0,normal,C,N,0.24,9.0,2.43,20.0,50.0,2.0
1500.0,normal,C,S,0.2,8.0,0.96,20.0,50.0,2.0
1500.0,normal,C,E,0.36,12.0,1.71,14.0,50.0,2.0
1500.0,normal,C,W,0.36,12.0,2.17,14.0,50.0,2.0
1505.0,normal,C,N,0.28,11.0,1.8,14.0,50.0,2.0
1505.0,normal,C,S,0.24,10.0,0.62,14.0,50.0,2.0
1505.0,normal,C,E,0.32,7.0,3.58,18.0,50.0,2.0
1505.0,normal,C,W,0.3,8.0,3.57,20.0,50.0,2.0
1510.0,normal,C,N,0.32,12.0,2.19,10.0,50.0,2.0
1510.0,normal,C,S,0.26,10.0,2.06,8.0,50.0,2.0
1510.0,normal,C,E,0.26,3.0,5.18,24.0,50.0,2.0
1510.0,normal,C,W,0.24,4.0,4.97,26.0,50.0,2.0
1515.0,normal,C,N,0.36,13.0,2.01,4.0,50.0,2.0
1515.0,normal,C,S,0.32,10.0,2.87,4.0,50.0,2.0
1515.0,normal,C,E,0.2,0.0,8.41,30.0,50.0,2.0
1515.0,normal,C,W,0.2,0.0,8.02,30.0,50.0,2.0
1520.0,normal,C,N,0.4,15.0,1.41,0.0,50.0,2.0
1520.0,normal,C,S,0.36,12.0,2.25,0.0,50.0,2.0
1520.0,normal,C,E,0.16,0.0,11.8,36.0,50.0,2.0
1520.0,normal,C,W,0.16,0.0,11.53,36.0,50.0,2.0
1525.0,normal,C,N,0.44,19.0,0.78,0.0,50.0,2.0
1525.0,normal,C,S,0.4,15.0,1.26,0.0,50.0,2.0
1525.0,normal,C,E,0.16,0.0,11.35,36.0,50.0,2.0
1525.0,normal,C,W,0.16,0.0,12.05,36.0,50.0,2.0
1530.0,normal,C,N,0.48,21.0,0.38,0.0,50.0,3.0
1530.0,normal,C,S,0.44,18.0,0.88,0.0,50.0,3.0
1530.0,normal,C,E,0.16,0.0,10.25,36.0,50.0,3.0
1530.0,normal,C,W,0.14,0.0,10.46,36.0,50.0,3.0
1535.0,normal,C,N,0.46,19.0,0.56,4.0,50.0,0.0
1535.0,normal,C,S,0.42,15.0,0.87,4.0,50.0,0.0
1535.0,normal,C,E,0.2,2.0,7.06,30.0,50.0,0.0
1535.0,normal,C,W,0.16,2.0,5.48,30.0,50.0,0.0
1540.0,normal,C,N,0.4,16.0,0.88,10.0,50.0,0.0
1540.0,normal,C,S,0.42,14.0,1.42,8.0,50.0,0.0
1540.0,normal,C,E,0.2,5.0,3.69,26.0,50.0,0.0
1540.0,normal,C,W,0.18,5.0,3.56,24.0,50.0,0.0
1545.0,normal,C,N,0.36,12.0,2.25,14.0,50.0,0.0
1545.0,normal,C,S,0.36,12.0,1.89,14.0,50.0,0.0
1545.0,normal,C,E,0.2,8.0,0.41,20.0,50.0,0.0
1545.0,normal,C,W,0.2,8.0,1.53,18.0,50.0,0.0
1550.0,normal,C,N,0.3,8.0,3.5,20.0,50.0,0.0
1550.0,normal,C,S,0.32,8.0,3.57,18.0,50.0,0.0
1550.0,normal,C,E,0.24,10.0,0.83,14.0,50.0,0.0
1550.0,normal,C,W,0.24,9.0,1.68,14.0,50.0,0.0
1555.0,normal,C,N,0.24,4.0,5.41,26.0,50.0,0.0
1555.0,normal,C,S,0.26,4.0,5.33,24.0,50.0,0.0
1555.0,normal,C,E,0.28,10.0,2.29,8.0,50.0,0.0
1555.0,normal,C,W,0.28,9.0,3.46,8.0,50.0,0.0
1560.0,normal,C,N,0.2,0.0,8.82,30.0,50.0,0.0
1560.0,normal,C,S,0.2,0.0,7.71,30.0,50.0,0.0
1560.0,normal,C,E,0.32,10.0,2.82,4.0,50.0,0.0
1560.0,normal,C,W,0.32,10.0,2.9,4.0,50.0,0.0
1565.0,normal,C,N,0.16,0.0,10.84,36.0,50.0,0.0
1565.0,normal,C,S,0.18,0.0,10.19,34.0,50.0,0.0
1565.0,normal,C,E,0.36,13.0,2.12,0.0,50.0,0.0
1565.0,normal,C,W,0.38,13.0,2.45,0.0,50.0,0.0
1570.0,normal,C,N,0.16,0.0,11.82,38.0,50.0,0.0
1570.0,normal,C,S,0.16,0.0,10.72,36.0,50.0,0.0
1570.0,normal,C,E,0.4,15.0,1.25,0.0,50.0,0.0
1570.0,normal,C,W,0.42,16.0,1.26,0.0,50.0,0.0
1575.0,normal,C,N,0.2,0.0,9.93,34.0,50.0,1.0
1575.0,normal,C,S,0.18,0.0,9.23,34.0,50.0,1.0
1575.0,normal,C,E,0.42,18.0,0.76,0.0,50.0,1.0
1575.0,normal,C,W,0.46,21.0,0.5,0.0,50.0,1.0
1580.0,normal,C,N,0.22,3.0,6.57,30.0,50.0,2.0
1580.0,normal,C,S,0.18,3.0,3.88,28.0,50.0,2.0
1580.0,normal,C,E,0.42,15.0,0.93,4.0,50.0,2.0
1580.0,normal,C,W,0.46,18.0,0.7,4.0,50.0,2.0
1585.0,normal,C,N,0.26,6.0,2.67,24.0,50.0,2.0
1585.0,normal,C,S,0.18,7.0,0.49,24.0,50.0,2.0
1585.0,normal,C,E,0.42,15.0,1.24,8.0,50.0,2.0
1585.0,normal,C,W,0.42,16.0,0.93,8.0,50.0,2.0
1590.0,normal,C,N,0.26,10.0,2.09,18.0,50.0,2.0
1590.0,normal,C,S,0.2,10.0,0.02,18.0,50.0,2.0
1590.0,normal,C,E,0.36,12.0,1.49,14.0,50.0,2.0
1590.0,normal,C,W,0.36,12.0,1.67,14.0,50.0,2.0
1595.0,normal,C,N,0.3,12.0,1.1,14.0,50.0,2.0
1595.0,normal,C,S,0.22,9.0,1.12,12.0,50.0,2.0
1595.0,normal,C,E,0.32,8.0,3.37,18.0,50.0,2.0
1595.0,normal,C,W,0.3,8.0,2.84,20.0,50.0,2.0
1600.0,normal,C,N,0.34,13.0,2.07,8.0,50.0,2.0
1600.0,normal,C,S,0.28,9.0,2.82,8.0,50.0,2.0
1600.0,normal,C,E,0.26,5.0,4.59,24.0,50.0,2.0
1600.0,normal,C,W,0.26,4.0,5.13,24.0,50.0,2.0
1605.0,normal,C,N,0.38,14.0,1.62,2.0,50.0,2.0
1605.0,normal,C,S,0.32,9.0,3.76,2.0,50.0,2.0
1605.0,normal,C,E,0.22,0.0,7.57,28.0,50.0,2.0
1605.0,normal,C,W,0.2,1.0,7.91,30.0,50.0,2.0
1610.0,normal,C,N,0.42,17.0,1.12,0.0,50.0,2.0
1610.0,normal,C,S,0.36,12.0,2.29,0.0,50.0,2.0
1610.0,normal,C,E,0.18,0.0,10.09,34.0,50.0,2.0
1610.0,normal,C,W,0.18,0.0,10.06,34.0,50.0,2.0
1615.0,normal,C,N,0.46,19.0,0.54,0.0,50.0,2.0
1615.0,normal,C,S,0.4,14.0,1.26,0.0,50.0,2.0
1615.0,normal,C,E,0.14,0.0,10.61,34.0,50.0,2.0
1615.0,normal,C,W,0.16,0.0,11.28,34.0,50.0,2.0
1620.0,normal,C,N,0.48,22.0,0.22,0.0,50.0,3.0
1620.0,normal,C,S,0.44,18.0,0.82,0.0,50.0,3.0
1620.0,normal,C,E,0.14,0.0,8.64,34.0,50.0,3.0
1620.0,normal,C,W,0.18,0.0,9.52,34.0,50.0,3.0
1625.0,normal,C,N,0.46,20.0,0.34,4.0,50.0,0.0
1625.0,normal,C,S,0.44,17.0,0.73,4.0,50.0,0.0
1625.0,normal,C,E,0.16,3.0,3.46,28.0,50.0,0.0
1625.0,normal,C,W,0.18,2.0,5.46,28.0,50.0,0.0
1630.0,normal,C,N,0.42,17.0,1.15,8.0,50.0,0.0
1630.0,normal,C,S,0.42,16.0,1.05,8.0,50.0,0.0
1630.0,normal,C,E,0.18,5.0,4.53,24.0,50.0,0.0
1630.0,normal,C,W,0.2,5.0,2.51,22.0,50.0,0.0
1635.0,normal,C,N,0.36,13.0,1.86,14.0,50.0,0.0
1635.0,normal,C,S,0.36,13.0,1.7,14.0,50.0,0.0
1635.0,normal,C,E,0.22,7.0,3.98,18.0,50.0,0.0
1635.0,normal,C,W,0.2,9.0,1.37,18.0,50.0,0.0
1640.0,normal,C,N,0.32,8.0,3.39,18.0,50.0,0.0
1640.0,normal,C,S,0.32,8.0,3.26,18.0,50.0,0.0
1640.0,normal,C,E,0.26,8.0,2.99,14.0,50.0,0.0
1640.0,normal,C,W,0.24,9.0,1.56,12.0,50.0,0.0
1645.0,normal,C,N,0.26,4.0,5.27,24.0,50.0,0.0
1645.0,normal,C,S,0.26,4.0,4.42,24.0,50.0,0.0
1645.0,normal,C,E,0.3,10.0,2.76,8.0,50.0,0.0
1645.0,normal,C,W,0.28,10.0,2.88,8.0,50.0,0.0
1650.0,normal,C,N,0.2,0.0,7.41,30.0,50.0,0.0
1650.0,normal,C,S,0.22,1.0,7.08,28.0,50.0,0.0
1650.0,normal,C,E,0.34,12.0,2.54,4.0,50.0,0.0
1650.0,normal,C,W,0.34,11.0,2.44,4.0,50.0,0.0
1655.0,normal,C,N,0.16,0.0,10.38,34.0,50.0,0.0
1655.0,normal,C,S,0.16,0.0,9.35,34.0,50.0,0.0
1655.0,normal,C,E,0.38,14.0,1.58,0.0,50.0,0.0
1655.0,normal,C,W,0.38,13.0,1.82,0.0,50.0,0.0
1660.0,normal,C,N,0.16,0.0,11.75,36.0,50.0,0.0
1660.0,normal,C,S,0.16,0.0,10.3,34.0,50.0,0.0
1660.0,normal,C,E,0.42,18.0,0.92,0.0,50.0,0.0
1660.0,normal,C,W,0.42,16.0,1.16,0.0,50.0,0.0
1665.0,normal,C,N,0.18,1.0,9.27,34.0,50.0,1.0
1665.0,normal,C,S,0.18,0.0,8.82,32.0,50.0,1.0
1665.0,normal,C,E,0.46,20.0,0.53,0.0,50.0,1.0
1665.0,normal,C,W,0.46,19.0,0.64,0.0,50.0,1.0
1670.0,normal,C,N,0.22,4.0,6.84,28.0,50.0,2.0
1670.0,normal,C,S,0.22,4.0,5.58,26.0,50.0,2.0
1670.0,normal,C,E,0.44,17.0,0.7,4.0,50.0,2.0
1670.0,normal,C,W,0.44,17.0,0.53,4.0,50.0,2.0
1675.0,normal,C,N,0.22,6.0,2.99,24.0,50.0,2.0
1675.0,normal,C,S,0.24,7.0,2.82,22.0,50.0,2.0
1675.0,normal,C,E,0.42,16.0,1.17,8.0,50.0,2.0
1675.0,normal,C,W,0.42,17.0,0.96,8.0,50.0,2.0
1680.0,normal,C,N,0.26,10.0,1.09,18.0,50.0,2.0
1680.0,normal,C,S,0.28,9.0,2.07,16.0,50.0,2.0
1680.0,normal,C,E,0.36,12.0,2.03,14.0,50.0,2.0
1680.0,normal,C,W,0.36,12.0,1.66,14.0,50.0,2.0
1685.0,normal,C,N,0.3,11.0,2.23,12.0,50.0,2.0
1685.0,normal,C,S,0.32,11.0,2.55,12.0,50.0,2.0
1685.0,normal,C,E,0.32,7.0,3.41,18.0,50.0,2.0
1685.0,normal,C,W,0.32,9.0,3.06,18.0,50.0,2.0
1690.0,normal,C,N,0.34,12.0,2.24,8.0,50.0,2.0
1690.0,normal,C,S,0.36,13.0,1.79,6.0,50.0,2.0
1690.0,normal,C,E,0.26,3.0,5.12,24.0,50.0,2.0
1690.0,normal,C,W,0.26,4.0,4.89,24.0,50.0,2.0
1695.0,normal,C,N,0.38,14.0,1.59,2.0,50.0,2.0
1695.0,normal,C,S,0.38,15.0,1.16,2.0,50.0,2.0
1695.0,normal,C,E,0.2,0.0,7.67,30.0,50.0,2.0
1695.0,normal,C,W,0.22,0.0,7.56,28.0,50.0,2.0
1700.0,normal,C,N,0.42,17.0,1.09,0.0,50.0,2.0
1700.0,normal,C,S,0.42,17.0,0.79,0.0,50.0,2.0
1700.0,normal,C,E,0.18,0.0,10.38,34.0,50.0,2.0
1700.0,normal,C,W,0.18,0.0,10.93,34.0,50.0,2.0
1705.0,normal,C,N,0.46,19.0,0.59,0.0,50.0,2.0
1705.0,normal,C,S,0.46,20.0,0.63,0.0,50.0,2.0
1705.0,normal,C,E,0.16,0.0,10.53,36.0,50.0,2.0
1705.0,normal,C,W,0.14,0.0,11.78,36.0,50.0,2.0
1710.0,normal,C,N,0.48,21.0,0.33,0.0,50.0,3.0
1710.0,normal,C,S,0.5,23.0,0.24,0.0,50.0,3.0
1710.0,normal,C,E,0.16,0.0,9.5,34.0,50.0,3.0
1710.0,normal,C,W,0.16,0.0,8.94,34.0,50.0,3.0
1715.0,normal,C,N,0.46,19.0,0.33,4.0,50.0,0.0
1715.0,normal,C,S,0.46,21.0,0.31,4.0,50.0,0.0
1715.0,normal,C,E,0.22,3.0,5.15,28.0,50.0,0.0
1715.0,normal,C,W,0.2,3.0,4.89,28.0,50.0,0.0
1720.0,normal,C,N,0.42,16.0,1.0,8.0,50.0,0.0
1720.0,normal,C,S,0.42,16.0,1.18,8.0,50.0,0.0
1720.0,normal,C,E,0.22,7.0,3.52,24.0,50.0,0.0
1720.0,normal,C,W,0.2,6.0,4.02,24.0,50.0,0.0
1725.0,normal,C,N,0.36,13.0,1.91,14.0,50.0,0.0
1725.0,normal,C,S,0.36,12.0,1.93,14.0,50.0,0.0
1725.0,normal,C,E,0.26,9.0,1.57,18.0,50.0,0.0
1725.0,normal,C,W,0.22,8.0,0.96,18.0,50.0,0.0
1730.0,normal,C,N,0.3,8.0,3.33,20.0,50.0,0.0
1730.0,normal,C,S,0.32,8.0,3.36,18.0,50.0,0.0
1730.0,normal,C,E,0.3,11.0,2.27,12.0,50.0,0.0
1730.0,normal,C,W,0.26,10.0,1.8,14.0,50.0,0.0
1735.0,normal,C,N,0.26,4.0,5.37,24.0,50.0,0.0
1735.0,normal,C,S,0.26,4.0,4.94,24.0,50.0,0.0
1735.0,normal,C,E,0.36,12.0,2.58,8.0,50.0,0.0
1735.0,normal,C,W,0.3,10.0,2.84,8.0,50.0,0.0
1740.0,normal,C,N,0.2,0.0,7.68,30.0,50.0,0.0
1740.0,normal,C,S,0.22,0.0,7.72,28.0,50.0,0.0
1740.0,normal,C,E,0.4,15.0,1.64,2.0,50.0,0.0
1740.0,normal,C,W,0.34,11.0,2.42,2.0,50.0,0.0
1745.0,normal,C,N,0.14,0.0,10.49,36.0,50.0,0.0
1745.0,normal,C,S,0.18,0.0,10.01,34.0,50.0,0.0
1745.0,normal,C,E,0.44,17.0,0.84,0.0,50.0,0.0
1745.0,normal,C,W,0.38,14.0,1.63,0.0,50.0,0.0
1750.0,normal,C,N,0.16,0.0,12.62,36.0,50.0,0.0
1750.0,normal,C,S,0.16,0.0,10.71,34.0,50.0,0.0
1750.0,normal,C,E,0.48,20.0,0.39,0.0,50.0,0.0
1750.0,normal,C,W,0.42,16.0,0.83,0.0,50.0,0.0
1755.0,normal,C,N,0.16,0.0,11.2,36.0,50.0,1.0
1755.0,normal,C,S,0.16,0.0,9.85,34.0,50.0,1.0
1755.0,normal,C,E,0.5,23.0,0.17,0.0,50.0,1.0
1755.0,normal,C,W,0.46,19.0,0.67,0.0,50.0,1.0
1760.0,normal,C,N,0.18,3.0,6.83,30.0,50.0,2.0
1760.0,normal,C,S,0.18,3.0,6.13,28.0,50.0,2.0
1760.0,normal,C,E,0.46,20.0,0.29,4.0,50.0,2.0
1760.0,normal,C,W,0.44,18.0,0.65,4.0,50.0,2.0
1765.0,normal,C,N,0.18,5.0,2.86,24.0,50.0,2.0
1765.0,normal,C,S,0.18,7.0,1.89,24.0,50.0,2.0
1765.0,normal,C,E,0.42,16.0,0.91,8.0,50.0,2.0
1765.0,normal,C,W,0.42,16.0,1.15,8.0,50.0,2.0
1770.0,normal,C,N,0.18,8.0,1.37,20.0,50.0,2.0
1770.0,normal,C,S,0.18,9.0,0.06,18.0,50.0,2.0
1770.0,normal,C,E,0.36,13.0,1.57,14.0,50.0,2.0
1770.0,normal,C,W,0.36,12.0,1.89,14.0,50.0,2.0
1775.0,normal,C,N,0.22,9.0,1.06,14.0,50.0,2.0
1775.0,normal,C,S,0.22,9.0,1.01,14.0,50.0,2.0
1775.0,normal,C,E,0.32,8.0,3.28,18.0,50.0,2.0
1775.0,normal,C,W,0.3,8.0,3.21,20.0,50.0,2.0
1780.0,normal,C,N,0.26,9.0,3.02,8.0,50.0,2.0
1780.0,normal,C,S,0.26,9.0,2.83,8.0,50.0,2.0
1780.0,normal,C,E,0.26,4.0,4.67,24.0,50.0,2.0
1780.0,normal,C,W,0.26,4.0,5.67,24.0,50.0,2.0
1785.0,normal,C,N,0.32,10.0,3.22,4.0,50.0,2.0
1785.0,normal,C,S,0.3,9.0,3.44,4.0,50.0,2.0
1785.0,normal,C,E,0.22,1.0,7.61,28.0,50.0,2.0
1785.0,normal,C,W,0.2,0.0,8.24,30.0,50.0,2.0
1790.0,normal,C,N,0.36,12.0,2.37,0.0,50.0,2.0
1790.0,normal,C,S,0.36,11.0,2.36,0.0,50.0,2.0
1790.0,normal,C,E,0.18,0.0,10.5,34.0,50.0,2.0
1790.0,normal,C,W,0.14,0.0,11.09,36.0,50.0,2.0
1795.0,normal,C,N,0.42,15.0,1.34,0.0,50.0,2.0
1795.0,normal,C,S,0.4,14.0,1.67,0.0,50.0,2.0
1795.0,normal,C,E,0.18,0.0,10.9,34.0,50.0,2.0
1795.0,normal,C,W,0.14,0.0,11.72,36.0,50.0,2.0
1800.0,normal,C,N,0.44,18.0,0.63,0.0,50.0,3.0
1800.0,normal,C,S,0.44,18.0,0.87,0.0,50.0,3.0
1800.0,normal,C,E,0.18,0.0,9.39,34.0,50.0,3.0
1800.0,normal,C,W,0.16,0.0,10.15,36.0,50.0,3.0
1805.0,normal,C,N,0.44,16.0,0.74,4.0,50.0,0.0
1805.0,normal,C,S,0.44,16.0,0.73,4.0,50.0,0.0
1805.0,normal,C,E,0.18,4.0,4.37,28.0,50.0,0.0
1805.0,normal,C,W,0.18,3.0,7.26,30.0,50.0,0.0
1810.0,normal,C,N,0.42,15.0,1.12,8.0,50.0,0.0
1810.0,normal,C,S,0.42,15.0,1.02,8.0,50.0,0.0
1810.0,normal,C,E,0.2,7.0,1.63,24.0,50.0,0.0
1810.0,normal,C,W,0.22,6.0,4.59,24.0,50.0,0.0
1815.0,normal,C,N,0.36,12.0,1.6,14.0,50.0,0.0
1815.0,normal,C,S,0.36,12.0,1.63,14.0,50.0,0.0
1815.0,normal,C,E,0.22,9.0,1.31,18.0,50.0,0.0
1815.0,normal,C,W,0.24,8.0,2.98,20.0,50.0,0.0
1820.0,normal,C,N,0.32,8.0,3.55,18.0,50.0,0.0
1820.0,normal,C,S,0.32,8.0,3.1,18.0,50.0,0.0
1820.0,normal,C,E,0.26,9.0,3.02,14.0,50.0,0.0
1820.0,normal,C,W,0.3,10.0,2.43,14.0,50.0,0.0
1825.0,normal,C,N,0.26,4.0,5.5,24.0,50.0,0.0
1825.0,normal,C,S,0.26,4.0,5.38,24.0,50.0,0.0
1825.0,normal,C,E,0.32,10.0,3.42,8.0,50.0,0.0
1825.0,normal,C,W,0.34,11.0,2.63,8.0,50.0,0.0
1830.0,normal,C,N,0.2,0.0,8.54,30.0,50.0,0.0
1830.0,normal,C,S,0.2,0.0,7.99,30.0,50.0,0.0
1830.0,normal,C,E,0.36,12.0,2.43,4.0,50.0,0.0
1830.0,normal,C,W,0.38,14.0,1.7,4.0,50.0,0.0
1835.0,normal,C,N,0.16,0.0,11.91,36.0,50.0,0.0
1835.0,normal,C,S,0.18,0.0,11.14,34.0,50.0,0.0
1835.0,normal,C,E,0.4,15.0,1.35,0.0,50.0,0.0
1835.0,normal,C,W,0.42,17.0,1.07,0.0,50.0,0.0
1840.0,normal,C,N,0.14,0.0,11.85,38.0,50.0,0.0
1840.0,normal,C,S,0.14,0.0,11.58,36.0,50.0,0.0
1840.0,normal,C,E,0.44,18.0,0.79,0.0,50.0,0.0
1840.0,normal,C,W,0.46,20.0,0.56,0.0,50.0,0.0
1845.0,normal,C,N,0.18,0.0,10.44,36.0,50.0,1.0
1845.0,normal,C,S,0.16,1.0,8.42,34.0,50.0,1.0
1845.0,normal,C,E,0.48,22.0,0.37,0.0,50.0,1.0
1845.0,normal,C,W,0.5,24.0,0.23,0.0,50.0,1.0
1850.0,normal,C,N,0.18,3.0,5.56,30.0,50.0,2.0
1850.0,normal,C,S,0.16,4.0,4.38,28.0,50.0,2.0
1850.0,normal,C,E,0.46,19.0,0.39,4.0,50.0,2.0
1850.0,normal,C,W,0.46,20.0,0.32,4.0,50.0,2.0
1855.0,normal,C,N,0.22,6.0,2.36,26.0,50.0,2.0
1855.0,normal,C,S,0.18,6.0,1.23,24.0,50.0,2.0
1855.0,normal,C,E,0.42,17.0,0.95,8.0,50.0,2.0
1855.0,normal,C,W,0.42,16.0,1.09,8.0,50.0,2.0
1860.0,normal,C,N,0.26,9.0,3.47,20.0,50.0,2.0
1860.0,normal,C,S,0.2,8.0,1.37,18.0,50.0,2.0
1860.0,normal,C,E,0.36,12.0,1.73,14.0,50.0,2.0
1860.0,normal,C,W,0.36,12.0,1.92,14.0,50.0,2.0
1865.0,normal,C,N,0.32,10.0,2.79,14.0,50.0,2.0
1865.0,normal,C,S,0.24,8.0,3.07,12.0,50.0,2.0
1865.0,normal,C,E,0.32,8.0,3.29,18.0,50.0,2.0
1865.0,normal,C,W,0.3,8.0,3.26,20.0,50.0,2.0
1870.0,normal,C,N,0.36,12.0,2.5,8.0,50.0,2.0
1870.0,normal,C,S,0.28,9.0,3.44,8.0,50.0,2.0
1870.0,normal,C,E,0.26,4.0,4.98,24.0,50.0,2.0
1870.0,normal,C,W,0.26,4.0,5.67,24.0,50.0,2.0
1875.0,normal,C,N,0.4,15.0,1.51,2.0,50.0,2.0
1875.0,normal,C,S,0.32,11.0,2.87,2.0,50.0,2.0
1875.0,normal,C,E,0.22,0.0,8.04,28.0,50.0,2.0
1875.0,normal,C,W,0.2,0.0,8.8,30.0,50.0,2.0
1880.0,normal,C,N,0.44,18.0,0.79,0.0,50.0,2.0
1880.0,normal,C,S,0.38,13.0,2.02,0.0,50.0,2.0
1880.0,normal,C,E,0.16,0.0,10.29,34.0,50.0,2.0
1880.0,normal,C,W,0.16,0.0,10.95,36.0,50.0,2.0
1885.0,normal,C,N,0.48,21.0,0.4,0.0,50.0,2.0
1885.0,normal,C,S,0.42,15.0,1.27,0.0,50.0,2.0
1885.0,normal,C,E,0.12,0.0,11.38,36.0,50.0,2.0
1885.0,normal,C,W,0.16,0.0,11.2,36.0,50.0,2.0
1890.0,normal,C,N,0.5,25.0,0.04,0.0,50.0,3.0
1890.0,normal,C,S,0.46,19.0,0.64,0.0,50.0,3.0
1890.0,normal,C,E,0.12,0.0,8.0,34.0,50.0,3.0
1890.0,normal,C,W,0.18,1.0,8.96,34.0,50.0,3.0
1895.0,normal,C,N,0.46,21.0,0.27,4.0,50.0,0.0
1895.0,normal,C,S,0.46,17.0,0.7,4.0,50.0,0.0
1895.0,normal,C,E,0.12,3.0,2.24,28.0,50.0,0.0
1895.0,normal,C,W,0.18,5.0,3.93,28.0,50.0,0.0
1900.0,normal,C,N,0.42,16.0,1.05,8.0,50.0,0.0
1900.0,normal,C,S,0.42,16.0,1.23,8.0,50.0,0.0
1900.0,normal,C,E,0.12,5.0,1.65,24.0,50.0,0.0
1900.0,normal,C,W,0.2,8.0,1.42,22.0,50.0,0.0
1905.0,normal,C,N,0.36,13.0,1.73,14.0,50.0,0.0
1905.0,normal,C,S,0.36,11.0,1.82,14.0,50.0,0.0
1905.0,normal,C,E,0.14,6.0,0.71,18.0,50.0,0.0
1905.0,normal,C,W,0.24,9.0,1.71,18.0,50.0,0.0
1910.0,normal,C,N,0.3,8.0,2.84,20.0,50.0,0.0
1910.0,normal,C,S,0.32,8.0,3.47,18.0,50.0,0.0
1910.0,normal,C,E,0.18,6.0,2.92,14.0,50.0,0.0
1910.0,normal,C,W,0.28,10.0,2.19,12.0,50.0,0.0
1915.0,normal,C,N,0.26,3.0,4.63,24.0,50.0,0.0
1915.0,normal,C,S,0.26,4.0,5.17,24.0,50.0,0.0
1915.0,normal,C,E,0.24,6.0,5.47,8.0,50.0,0.0
1915.0,normal,C,W,0.32,10.0,2.91,6.0,50.0,0.0
1920.0,normal,C,N,0.22,0.0,7.9,28.0,50.0,0.0
1920.0,normal,C,S,0.22,0.0,8.28,28.0,50.0,0.0
1920.0,normal,C,E,0.28,7.0,4.6,2.0,50.0,0.0
1920.0,normal,C,W,0.36,12.0,2.46,2.0,50.0,0.0
1925.0,normal,C,N,0.18,0.0,10.86,34.0,50.0,0.0
1925.0,normal,C,S,0.16,0.0,10.17,34.0,50.0,0.0
1925.0,normal,C,E,0.34,9.0,3.14,0.0,50.0,0.0
1925.0,normal,C,W,0.42,15.0,1.41,0.0,50.0,0.0
1930.0,normal,C,N,0.16,0.0,11.99,36.0,50.0,0.0
1930.0,normal,C,S,0.14,0.0,11.22,36.0,50.0,0.0
1930.0,normal,C,E,0.38,12.0,1.96,0.0,50.0,0.0
1930.0,normal,C,W,0.46,19.0,0.67,0.0,50.0,0.0
1935.0,normal,C,N,0.18,1.0,8.64,34.0,50.0,1.0
1935.0,normal,C,S,0.18,1.0,9.47,34.0,50.0,1.0
1935.0,normal,C,E,0.42,16.0,1.15,0.0,50.0,1.0
1935.0,normal,C,W,0.48,21.0,0.38,0.0,50.0,1.0
1940.0,normal,C,N,0.18,4.0,4.72,28.0,50.0,2.0
1940.0,normal,C,S,0.2,4.0,5.55,28.0,50.0,2.0
1940.0,normal,C,E,0.42,14.0,1.04,4.0,50.0,2.0
1940.0,normal,C,W,0.46,19.0,0.31,4.0,50.0,2.0
1945.0,normal,C,N,0.18,6.0,2.49,22.0,50.0,2.0
1945.0,normal,C,S,0.2,6.0,2.69,24.0,50.0,2.0
1945.0,normal,C,E,0.42,13.0,1.43,8.0,50.0,2.0
1945.0,normal,C,W,0.42,17.0,1.04,8.0,50.0,2.0
1950.0,normal,C,N,0.2,9.0,1.05,18.0,50.0,2.0
1950.0,normal,C,S,0.22,9.0,0.8,18.0,50.0,2.0
1950.0,normal,C,E,0.36,12.0,1.93,14.0,50.0,2.0
1950.0,normal,C,W,0.36,12.0,1.67,14.0,50.0,2.0
1955.0,normal,C,N,0.24,9.0,2.38,14.0,50.0,2.0
1955.0,normal,C,S,0.26,10.0,1.54,14.0,50.0,2.0
1955.0,normal,C,E,0.3,8.0,3.13,20.0,50.0,2.0
1955.0,normal,C,W,0.32,8.0,3.11,18.0,50.0,2.0
1960.0,normal,C,N,0.28,10.0,2.88,8.0,50.0,2.0
1960.0,normal,C,S,0.3,10.0,3.23,8.0,50.0,2.0
1960.0,normal,C,E,0.26,4.0,5.22,24.0,50.0,2.0
1960.0,normal,C,W,0.26,4.0,4.61,24.0,50.0,2.0
1965.0,normal,C,N,0.34,11.0,2.92,2.0,50.0,2.0
1965.0,normal,C,S,0.34,12.0,2.56,2.0,50.0,2.0
1965.0,normal,C,E,0.2,0.0,7.52,30.0,50.0,2.0
1965.0,normal,C,W,0.22,0.0,7.76,28.0,50.0,2.0
1970.0,normal,C,N,0.38,14.0,2.03,0.0,50.0,2.0
1970.0,normal,C,S,0.38,14.0,1.48,0.0,50.0,2.0
1970.0,normal,C,E,0.18,0.0,11.17,34.0,50.0,2.0
1970.0,normal,C,W,0.16,0.0,10.61,34.0,50.0,2.0
1975.0,normal,C,N,0.42,16.0,1.1,0.0,50.0,2.0
1975.0,normal,C,S,0.42,17.0,0.86,0.0,50.0,2.0
1975.0,normal,C,E,0.14,0.0,11.86,36.0,50.0,2.0
1975.0,normal,C,W,0.12,0.0,11.92,36.0,50.0,2.0
1980.0,normal,C,N,0.46,20.0,0.57,0.0,50.0,3.0
1980.0,normal,C,S,0.44,19.0,0.56,0.0,50.0,3.0
1980.0,normal,C,E,0.16,1.0,9.27,34.0,50.0,3.0
1980.0,normal,C,W,0.14,0.0,9.55,34.0,50.0,3.0
1985.0,normal,C,N,0.44,17.0,0.58,4.0,50.0,0.0
1985.0,normal,C,S,0.44,16.0,0.74,4.0,50.0,0.0
1985.0,normal,C,E,0.2,4.0,5.84,28.0,50.0,0.0
1985.0,normal,C,W,0.18,4.0,7.22,28.0,50.0,0.0
1990.0,normal,C,N,0.42,15.0,1.2,8.0,50.0,0.0
1990.0,normal,C,S,0.42,15.0,1.11,8.0,50.0,0.0
1990.0,normal,C,E,0.2,6.0,3.09,22.0,50.0,0.0
1990.0,normal,C,W,0.18,6.0,2.65,24.0,50.0,0.0
1995.0,normal,C,N,0.36,12.0,1.85,14.0,50.0,0.0
1995.0,normal,C,S,0.36,12.0,1.75,14.0,50.0,0.0
1995.0,normal,C,E,0.26,9.0,1.76,18.0,50.0,0.0
1995.0,normal,C,W,0.22,8.0,1.5,18.0,50.0,0.0
2000.0,normal,C,N,0.32,7.0,3.51,18.0,50.0,0.0
2000.0,normal,C,S,0.3,8.0,2.76,20.0,50.0,0.0
2000.0,normal,C,E,0.3,10.0,3.12,12.0,50.0,0.0
2000.0,normal,C,W,0.26,9.0,2.47,14.0,50.0,0.0
2005.0,normal,C,N,0.26,3.0,4.92,24.0,50.0,0.0
2005.0,normal,C,S,0.26,5.0,5.0,24.0,50.0,0.0
2005.0,normal,C,E,0.34,11.0,2.53,8.0,50.0,0.0
2005.0,normal,C,W,0.3,9.0,3.3,8.0,50.0,0.0
2010.0,normal,C,N,0.2,0.0,7.76,30.0,50.0,0.0
2010.0,normal,C,S,0.2,0.0,7.69,30.0,50.0,0.0
2010.0,normal,C,E,0.4,14.0,1.81,2.0,50.0,0.0
2010.0,normal,C,W,0.36,11.0,2.67,2.0,50.0,0.0
2015.0,normal,C,N,0.16,0.0,11.26,36.0,50.0,0.0
2015.0,normal,C,S,0.18,0.0,10.95,34.0,50.0,0.0
2015.0,normal,C,E,0.44,17.0,1.0,0.0,50.0,0.0
2015.0,normal,C,W,0.4,14.0,1.53,0.0,50.0,0.0
2020.0,normal,C,N,0.16,0.0,12.41,36.0,50.0,0.0
2020.0,normal,C,S,0.16,0.0,11.68,36.0,50.0,0.0
2020.0,normal,C,E,0.48,20.0,0.54,0.0,50.0,0.0
2020.0,normal,C,W,0.44,18.0,0.97,0.0,50.0,0.0
2025.0,normal,C,N,0.18,1.0,9.83,34.0,50.0,1.0
2025.0,normal,C,S,0.16,1.0,9.14,34.0,50.0,1.0
2025.0,normal,C,E,0.5,24.0,0.11,0.0,50.0,1.0
2025.0,normal,C,W,0.46,20.0,0.49,0.0,50.0,1.0
2030.0,normal,C,N,0.22,4.0,5.36,28.0,50.0,2.0
2030.0,normal,C,S,0.18,4.0,4.7,28.0,50.0,2.0
2030.0,normal,C,E,0.46,20.0,0.25,4.0,50.0,2.0
2030.0,normal,C,W,0.46,18.0,0.46,4.0,50.0,2.0
2035.0,normal,C,N,0.22,7.0,2.77,24.0,50.0,2.0
2035.0,normal,C,S,0.18,7.0,1.74,22.0,50.0,2.0
2035.0,normal,C,E,0.42,16.0,0.9,8.0,50.0,2.0
2035.0,normal,C,W,0.42,16.0,0.86,8.0,50.0,2.0
2040.0,normal,C,N,0.26,10.0,1.22,18.0,50.0,2.0
2040.0,normal,C,S,0.2,10.0,0.06,18.0,50.0,2.0
2040.0,normal,C,E,0.36,12.0,1.55,14.0,50.0,2.0
2040.0,normal,C,W,0.36,13.0,1.27,14.0,50.0,2.0
2045.0,normal,C,N,0.3,11.0,2.12,12.0,50.0,2.0
2045.0,normal,C,S,0.22,9.0,1.24,12.0,50.0,2.0
2045.0,normal,C,E,0.32,8.0,3.29,18.0,50.0,2.0
2045.0,normal,C,W,0.32,9.0,2.62,18.0,50.0,2.0
2050.0,normal,C,N,0.34,12.0,2.8,6.0,50.0,2.0
2050.0,normal,C,S,0.26,9.0,3.12,8.0,50.0,2.0
2050.0,normal,C,E,0.26,4.0,5.02,24.0,50.0,2.0
2050.0,normal,C,W,0.28,5.0,4.39,22.0,50.0,2.0
2055.0,normal,C,N,0.4,14.0,1.95,2.0,50.0,2.0
2055.0,normal,C,S,0.32,10.0,3.46,2.0,50.0,2.0
2055.0,normal,C,E,0.22,0.0,7.84,28.0,50.0,2.0
2055.0,normal,C,W,0.24,1.0,6.54,26.0,50.0,2.0
2060.0,normal,C,N,0.44,17.0,0.91,0.0,50.0,2.0
2060.0,normal,C,S,0.36,12.0,2.5,0.0,50.0,2.0
2060.0,normal,C,E,0.18,0.0,10.52,34.0,50.0,2.0
2060.0,normal,C,W,0.18,0.0,9.5,32.0,50.0,2.0
2065.0,normal,C,N,0.48,21.0,0.5,0.0,50.0,2.0
2065.0,normal,C,S,0.4,15.0,1.29,0.0,50.0,2.0
2065.0,normal,C,E,0.16,0.0,12.23,36.0,50.0,2.0
2065.0,normal,C,W,0.16,0.0,11.34,34.0,50.0,2.0
2070.0,normal,C,N,0.5,23.0,0.22,0.0,50.0,3.0
2070.0,normal,C,S,0.44,18.0,0.81,0.0,50.0,3.0
2070.0,normal,C,E,0.18,1.0,9.37,34.0,50.0,3.0
2070.0,normal,C,W,0.16,0.0,8.69,32.0,50.0,3.0
2075.0,normal,C,N,0.46,21.0,0.29,4.0,50.0,0.0
2075.0,normal,C,S,0.44,16.0,0.86,4.0,50.0,0.0
2075.0,normal,C,E,0.18,4.0,4.89,28.0,50.0,0.0
2075.0,normal,C,W,0.2,4.0,4.0,26.0,50.0,0.0
2080.0,normal,C,N,0.42,16.0,1.09,8.0,50.0,0.0
2080.0,normal,C,S,0.4,15.0,1.04,10.0,50.0,0.0
2080.0,normal,C,E,0.2,7.0,1.56,24.0,50.0,0.0
2080.0,normal,C,W,0.22,7.0,3.96,22.0,50.0,0.0
2085.0,normal,C,N,0.36,12.0,1.61,14.0,50.0,0.0
2085.0,normal,C,S,0.36,11.0,2.24,14.0,50.0,0.0
2085.0,normal,C,E,0.22,9.0,2.14,18.0,50.0,0.0
2085.0,normal,C,W,0.26,8.0,3.43,18.0,50.0,0.0
2090.0,normal,C,N,0.32,7.0,3.52,18.0,50.0,0.0
2090.0,normal,C,S,0.3,7.0,3.58,20.0,50.0,0.0
2090.0,normal,C,E,0.26,10.0,2.03,14.0,50.0,0.0
2090.0,normal,C,W,0.32,11.0,2.91,14.0,50.0,0.0
2095.0,normal,C,N,0.26,3.0,5.12,24.0,50.0,0.0
2095.0,normal,C,S,0.24,3.0,5.47,26.0,50.0,0.0
2095.0,normal,C,E,0.3,11.0,2.28,8.0,50.0,0.0
2095.0,normal,C,W,0.36,12.0,2.18,8.0,50.0,0.0
2100.0,normal,C,N,0.2,0.0,8.03,30.0,50.0,0.0
2100.0,normal,C,S,0.2,0.0,8.65,30.0,50.0,0.0
2100.0,normal,C,E,0.34,12.0,2.31,2.0,50.0,0.0
2100.0,normal,C,W,0.4,15.0,1.28,2.0,50.0,0.0
2105.0,normal,C,N,0.18,0.0,10.06,34.0,50.0,0.0
2105.0,normal,C,S,0.16,0.0,11.35,36.0,50.0,0.0
2105.0,normal,C,E,0.4,15.0,1.6,0.0,50.0,0.0
2105.0,normal,C,W,0.42,18.0,0.8,0.0,50.0,0.0
2110.0,normal,C,N,0.14,0.0,11.55,36.0,50.0,0.0
2110.0,normal,C,S,0.14,0.0,11.51,38.0,50.0,0.0
2110.0,normal,C,E,0.42,17.0,0.92,0.0,50.0,0.0
2110.0,normal,C,W,0.46,20.0,0.57,0.0,50.0,0.0
2115.0,normal,C,N,0.16,1.0,8.91,34.0,50.0,1.0
2115.0,normal,C,S,0.16,0.0,9.49,34.0,50.0,1.0
2115.0,normal,C,E,0.46,20.0,0.52,0.0,50.0,1.0
2115.0,normal,C,W,0.5,23.0,0.26,0.0,50.0,1.0
2120.0,normal,C,N,0.22,3.0,5.56,28.0,50.0,2.0
2120.0,normal,C,S,0.18,3.0,6.61,30.0,50.0,2.0
2120.0,normal,C,E,0.46,18.0,0.4,4.0,50.0,2.0
2120.0,normal,C,W,0.46,21.0,0.28,4.0,50.0,2.0
2125.0,normal,C,N,0.22,6.0,3.81,24.0,50.0,2.0
2125.0,normal,C,S,0.2,5.0,2.92,24.0,50.0,2.0
2125.0,normal,C,E,0.42,16.0,0.98,8.0,50.0,2.0
2125.0,normal,C,W,0.42,17.0,1.01,8.0,50.0,2.0
2130.0,normal,C,N,0.24,9.0,0.79,18.0,50.0,2.0
2130.0,normal,C,S,0.24,9.0,1.91,18.0,50.0,2.0
2130.0,normal,C,E,0.36,13.0,1.73,14.0,50.0,2.0
2130.0,normal,C,W,0.36,13.0,1.7,14.0,50.0,2.0
2135.0,normal,C,N,0.28,11.0,1.57,12.0,50.0,2.0
2135.0,normal,C,S,0.28,10.0,2.25,14.0,50.0,2.0
2135.0,normal,C,E,0.32,8.0,3.42,18.0,50.0,2.0
2135.0,normal,C,W,0.32,9.0,2.9,18.0,50.0,2.0
2140.0,normal,C,N,0.32,11.0,2.52,8.0,50.0,2.0
2140.0,normal,C,S,0.32,11.0,2.63,8.0,50.0,2.0
2140.0,normal,C,E,0.26,3.0,5.02,24.0,50.0,2.0
2140.0,normal,C,W,0.26,4.0,4.63,24.0,50.0,2.0
2145.0,normal,C,N,0.36,13.0,1.79,2.0,50.0,2.0
2145.0,normal,C,S,0.36,13.0,2.17,2.0,50.0,2.0
2145.0,normal,C,E,0.22,0.0,8.06,28.0,50.0,2.0
2145.0,normal,C,W,0.22,0.0,7.18,28.0,50.0,2.0
2150.0,normal,C,N,0.4,16.0,1.28,0.0,50.0,2.0
2150.0,normal,C,S,0.4,15.0,1.44,0.0,50.0,2.0
2150.0,normal,C,E,0.18,0.0,10.48,34.0,50.0,2.0
2150.0,normal,C,W,0.18,0.0,9.61,34.0,50.0,2.0
2155.0,normal,C,N,0.44,18.0,0.83,0.0,50.0,2.0
2155.0,normal,C,S,0.44,18.0,0.95,0.0,50.0,2.0
2155.0,normal,C,E,0.16,0.0,10.78,36.0,50.0,2.0
2155.0,normal,C,W,0.16,0.0,10.27,34.0,50.0,2.0
2160.0,normal,C,N,0.46,20.0,0.5,0.0,50.0,3.0
2160.0,normal,C,S,0.46,20.0,0.44,0.0,50.0,3.0
2160.0,normal,C,E,0.18,1.0,9.23,34.0,50.0,3.0
2160.0,normal,C,W,0.18,0.0,8.29,32.0,50.0,3.0
2165.0,normal,C,N,0.46,19.0,0.48,4.0,50.0,0.0
2165.0,normal,C,S,0.46,19.0,0.52,4.0,50.0,0.0
2165.0,normal,C,E,0.2,4.0,4.48,28.0,50.0,0.0
2165.0,normal,C,W,0.22,5.0,5.61,26.0,50.0,0.0
2170.0,normal,C,N,0.42,16.0,1.05,8.0,50.0,0.0
2170.0,normal,C,S,0.42,17.0,1.13,8.0,50.0,0.0
2170.0,normal,C,E,0.2,6.0,1.92,24.0,50.0,0.0
2170.0,normal,C,W,0.26,7.0,3.59,22.0,50.0,0.0
2175.0,normal,C,N,0.36,12.0,1.91,14.0,50.0,0.0
2175.0,normal,C,S,0.36,12.0,1.94,14.0,50.0,0.0
2175.0,normal,C,E,0.22,9.0,1.46,18.0,50.0,0.0
2175.0,normal,C,W,0.26,10.0,1.58,16.0,50.0,0.0
2180.0,normal,C,N,0.3,8.0,3.29,20.0,50.0,0.0
2180.0,normal,C,S,0.3,8.0,3.03,20.0,50.0,0.0
2180.0,normal,C,E,0.26,10.0,2.38,14.0,50.0,0.0
2180.0,normal,C,W,0.3,13.0,0.75,12.0,50.0,0.0
2185.0,normal,C,N,0.26,4.0,5.63,24.0,50.0,0.0
2185.0,normal,C,S,0.26,4.0,5.11,24.0,50.0,0.0
2185.0,normal,C,E,0.32,10.0,2.75,8.0,50.0,0.0
2185.0,normal,C,W,0.34,13.0,1.88,6.0,50.0,0.0
2190.0,normal,C,N,0.2,0.0,8.37,30.0,50.0,0.0
2190.0,normal,C,S,0.2,0.0,7.75,30.0,50.0,0.0
2190.0,normal,C,E,0.36,12.0,2.49,2.0,50.0,0.0
2190.0,normal,C,W,0.38,15.0,1.44,2.0,50.0,0.0
2195.0,normal,C,N,0.16,0.0,11.21,36.0,50.0,0.0
2195.0,normal,C,S,0.16,0.0,10.24,34.0,50.0,0.0
2195.0,normal,C,E,0.4,15.0,1.33,0.0,50.0,0.0
2195.0,normal,C,W,0.4,16.0,1.09,0.0,50.0,0.0
2200.0,normal,C,N,0.16,0.0,12.28,36.0,50.0,0.0
2200.0,normal,C,S,0.14,0.0,10.53,36.0,50.0,0.0
2200.0,normal,C,E,0.44,18.0,0.82,0.0,50.0,0.0
2200.0,normal,C,W,0.44,19.0,0.72,0.0,50.0,0.0
2205.0,normal,C,N,0.16,0.0,11.25,36.0,50.0,1.0
2205.0,normal,C,S,0.16,1.0,7.03,32.0,50.0,1.0
2205.0,normal,C,E,0.48,21.0,0.35,0.0,50.0,1.0
2205.0,normal,C,W,0.48,21.0,0.42,0.0,50.0,1.0
2210.0,normal,C,N,0.2,3.0,6.73,30.0,50.0,2.0
2210.0,normal,C,S,0.18,4.0,4.76,26.0,50.0,2.0
2210.0,normal,C,E,0.46,19.0,0.37,4.0,50.0,2.0
2210.0,normal,C,W,0.46,19.0,0.3,4.0,50.0,2.0
2215.0,normal,C,N,0.2,7.0,3.45,24.0,50.0,2.0
2215.0,normal,C,S,0.2,6.0,2.01,20.0,50.0,2.0
2215.0,normal,C,E,0.42,16.0,1.0,8.0,50.0,2.0
2215.0,normal,C,W,0.42,17.0,0.98,8.0,50.0,2.0
2220.0,normal,C,N,0.24,9.0,0.66,20.0,50.0,2.0
2220.0,normal,C,S,0.22,8.0,1.51,16.0,50.0,2.0
2220.0,normal,C,E,0.36,13.0,1.57,14.0,50.0,2.0
2220.0,normal,C,W,0.36,12.0,1.91,14.0,50.0,2.0
2225.0,normal,C,N,0.28,10.0,2.2,14.0,50.0,2.0
2225.0,normal,C,S,0.26,9.0,2.16,10.0,50.0,2.0
2225.0,normal,C,E,0.32,8.0,3.15,18.0,50.0,2.0
2225.0,normal,C,W,0.3,8.0,3.1,20.0,50.0,2.0
2230.0,normal,C,N,0.32,10.0,2.93,8.0,50.0,2.0
2230.0,normal,C,S,0.3,10.0,2.76,6.0,50.0,2.0
2230.0,normal,C,E,0.26,4.0,4.78,24.0,50.0,2.0
2230.0,normal,C,W,0.26,4.0,5.09,24.0,50.0,2.0
2235.0,normal,C,N,0.36,12.0,2.28,4.0,50.0,2.0
2235.0,normal,C,S,0.34,11.0,2.7,0.0,50.0,2.0
2235.0,normal,C,E,0.22,0.0,7.63,28.0,50.0,2.0
2235.0,normal,C,W,0.2,0.0,7.02,30.0,50.0,2.0
2240.0,normal,C,N,0.4,15.0,1.34,0.0,50.0,2.0
2240.0,normal,C,S,0.38,14.0,1.77,0.0,50.0,2.0
2240.0,normal,C,E,0.16,0.0,9.81,34.0,50.0,2.0
2240.0,normal,C,W,0.16,0.0,10.43,34.0,50.0,2.0
2245.0,normal,C,N,0.44,18.0,0.86,0.0,50.0,2.0
2245.0,normal,C,S,0.42,17.0,0.9,0.0,50.0,2.0
2245.0,normal,C,E,0.16,0.0,10.82,34.0,50.0,2.0
2245.0,normal,C,W,0.16,0.0,11.24,34.0,50.0,2.0
2250.0,normal,C,N,0.46,21.0,0.39,0.0,50.0,3.0
2250.0,normal,C,S,0.46,19.0,0.55,0.0,50.0,3.0
2250.0,normal,C,E,0.16,0.0,9.11,34.0,50.0,3.0
2250.0,normal,C,W,0.16,0.0,9.37,34.0,50.0,3.0
2255.0,normal,C,N,0.46,19.0,0.53,4.0,50.0,0.0
2255.0,normal,C,S,0.46,17.0,0.61,4.0,50.0,0.0
2255.0,normal,C,E,0.2,3.0,6.22,28.0,50.0,0.0
2255.0,normal,C,W,0.18,3.0,5.86,28.0,50.0,0.0
2260.0,normal,C,N,0.42,17.0,1.17,8.0,50.0,0.0
2260.0,normal,C,S,0.42,16.0,0.91,8.0,50.0,0.0
2260.0,normal,C,E,0.24,5.0,5.01,24.0,50.0,0.0
2260.0,normal,C,W,0.2,6.0,3.5,22.0,50.0,0.0
2265.0,normal,C,N,0.36,12.0,1.98,14.0,50.0,0.0
2265.0,normal,C,S,0.38,12.0,1.98,12.0,50.0,0.0
2265.0,normal,C,E,0.24,8.0,3.09,18.0,50.0,0.0
2265.0,normal,C,W,0.22,8.0,1.64,18.0,50.0,0.0
2270.0,normal,C,N,0.3,8.0,3.11,20.0,50.0,0.0
2270.0,normal,C,S,0.32,8.0,2.82,18.0,50.0,0.0
2270.0,normal,C,E,0.3,11.0,1.23,14.0,50.0,0.0
2270.0,normal,C,W,0.26,10.0,1.45,12.0,50.0,0.0
2275.0,normal,C,N,0.26,4.0,5.18,24.0,50.0,0.0
2275.0,normal,C,S,0.28,3.0,5.02,22.0,50.0,0.0
2275.0,normal,C,E,0.34,12.0,2.37,8.0,50.0,0.0
2275.0,normal,C,W,0.3,10.0,2.61,8.0,50.0,0.0
2280.0,normal,C,N,0.2,0.0,7.77,30.0,50.0,0.0
2280.0,normal,C,S,0.22,0.0,7.14,28.0,50.0,0.0
2280.0,normal,C,E,0.38,14.0,1.98,4.0,50.0,0.0
2280.0,normal,C,W,0.34,11.0,2.56,4.0,50.0,0.0
2285.0,normal,C,N,0.16,0.0,11.09,36.0,50.0,0.0
2285.0,normal,C,S,0.18,0.0,9.25,32.0,50.0,0.0
2285.0,normal,C,E,0.42,17.0,1.27,0.0,50.0,0.0
2285.0,normal,C,W,0.38,14.0,1.81,0.0,50.0,0.0
2290.0,normal,C,N,0.18,0.0,11.28,36.0,50.0,0.0
2290.0,normal,C,S,0.16,0.0,10.07,34.0,50.0,0.0
2290.0,normal,C,E,0.46,19.0,0.56,0.0,50.0,0.0
2290.0,normal,C,W,0.42,16.0,1.15,0.0,50.0,0.0
2295.0,normal,C,N,0.2,0.0,9.01,34.0,50.0,1.0
2295.0,normal,C,S,0.18,1.0,8.65,32.0,50.0,1.0
2295.0,normal,C,E,0.5,22.0,0.27,0.0,50.0,1.0
2295.0,normal,C,W,0.44,19.0,0.53,0.0,50.0,1.0
2300.0,normal,C,N,0.22,4.0,5.71,28.0,50.0,2.0
2300.0,normal,C,S,0.2,3.0,5.89,28.0,50.0,2.0
2300.0,normal,C,E,0.46,20.0,0.38,4.0,50.0,2.0
2300.0,normal,C,W,0.44,18.0,0.7,4.0,50.0,2.0
2305.0,normal,C,N,0.24,7.0,2.47,22.0,50.0,2.0
2305.0,normal,C,S,0.22,6.0,2.78,22.0,50.0,2.0
2305.0,normal,C,E,0.4,16.0,0.81,10.0,50.0,2.0
2305.0,normal,C,W,0.42,15.0,1.08,8.0,50.0,2.0
2310.0,normal,C,N,0.26,10.0,1.09,18.0,50.0,2.0
2310.0,normal,C,S,0.26,10.0,2.13,18.0,50.0,2.0
2310.0,normal,C,E,0.36,12.0,2.0,14.0,50.0,2.0
2310.0,normal,C,W,0.36,12.0,1.86,14.0,50.0,2.0
2315.0,normal,C,N,0.28,12.0,0.96,12.0,50.0,2.0
2315.0,normal,C,S,0.32,11.0,2.81,12.0,50.0,2.0
2315.0,normal,C,E,0.3,8.0,3.26,20.0,50.0,2.0
2315.0,normal,C,W,0.32,8.0,3.39,18.0,50.0,2.0
2320.0,normal,C,N,0.32,12.0,2.25,6.0,50.0,2.0
2320.0,normal,C,S,0.36,13.0,2.17,8.0,50.0,2.0
2320.0,normal,C,E,0.26,4.0,5.21,24.0,50.0,2.0
2320.0,normal,C,W,0.26,5.0,5.21,24.0,50.0,2.0
2325.0,normal,C,N,0.36,14.0,1.77,2.0,50.0,2.0
2325.0,normal,C,S,0.4,15.0,1.47,2.0,50.0,2.0
2325.0,normal,C,E,0.2,0.0,8.09,30.0,50.0,2.0
2325.0,normal,C,W,0.2,0.0,7.31,30.0,50.0,2.0
2330.0,normal,C,N,0.4,15.0,1.17,0.0,50.0,2.0
2330.0,normal,C,S,0.44,17.0,0.83,0.0,50.0,2.0
2330.0,normal,C,E,0.18,0.0,9.87,34.0,50.0,2.0
2330.0,normal,C,W,0.16,0.0,10.85,34.0,50.0,2.0
2335.0,normal,C,N,0.44,18.0,0.82,0.0,50.0,2.0
2335.0,normal,C,S,0.48,22.0,0.46,0.0,50.0,2.0
2335.0,normal,C,E,0.16,0.0,10.72,36.0,50.0,2.0
2335.0,normal,C,W,0.16,0.0,11.93,36.0,50.0,2.0
2340.0,normal,C,N,0.48,21.0,0.43,0.0,50.0,3.0
2340.0,normal,C,S,0.5,24.0,0.09,0.0,50.0,3.0
2340.0,normal,C,E,0.18,0.0,9.77,32.0,50.0,3.0
2340.0,normal,C,W,0.18,0.0,9.8,34.0,50.0,3.0
2345.0,normal,C,N,0.46,19.0,0.4,4.0,50.0,0.0
2345.0,normal,C,S,0.46,21.0,0.34,4.0,50.0,0.0
2345.0,normal,C,E,0.18,2.0,5.75,28.0,50.0,0.0
2345.0,normal,C,W,0.22,3.0,6.24,28.0,50.0,0.0
2350.0,normal,C,N,0.42,16.0,1.2,8.0,50.0,0.0
2350.0,normal,C,S,0.42,16.0,1.18,8.0,50.0,0.0
2350.0,normal,C,E,0.2,6.0,2.26,22.0,50.0,0.0
2350.0,normal,C,W,0.24,6.0,3.79,24.0,50.0,0.0
2355.0,normal,C,N,0.36,12.0,2.1,14.0,50.0,0.0
2355.0,normal,C,S,0.36,12.0,2.2,14.0,50.0,0.0
2355.0,normal,C,E,0.22,9.0,1.29,18.0,50.0,0.0
2355.0,normal,C,W,0.28,10.0,1.48,18.0,50.0,0.0
2360.0,normal,C,N,0.3,8.0,3.61,20.0,50.0,0.0
2360.0,normal,C,S,0.3,7.0,3.58,20.0,50.0,0.0
2360.0,normal,C,E,0.26,10.0,1.62,12.0,50.0,0.0
2360.0,normal,C,W,0.32,12.0,2.17,12.0,50.0,0.0
2365.0,normal,C,N,0.24,3.0,5.34,26.0,50.0,0.0
2365.0,normal,C,S,0.24,4.0,5.43,26.0,50.0,0.0
2365.0,normal,C,E,0.3,10.0,2.79,8.0,50.0,0.0
2365.0,normal,C,W,0.36,13.0,1.83,8.0,50.0,0.0
2370.0,normal,C,N,0.2,0.0,8.5,30.0,50.0,0.0
2370.0,normal,C,S,0.2,0.0,8.65,30.0,50.0,0.0
2370.0,normal,C,E,0.34,12.0,2.7,2.0,50.0,0.0
2370.0,normal,C,W,0.4,15.0,1.57,2.0,50.0,0.0
2375.0,normal,C,N,0.14,0.0,11.29,36.0,50.0,0.0
2375.0,normal,C,S,0.16,0.0,11.48,36.0,50.0,0.0
2375.0,normal,C,E,0.4,14.0,1.99,0.0,50.0,0.0
2375.0,normal,C,W,0.44,19.0,0.6,0.0,50.0,0.0
2380.0,normal,C,N,0.14,0.0,11.63,36.0,50.0,0.0
2380.0,normal,C,S,0.14,0.0,11.74,38.0,50.0,0.0
2380.0,normal,C,E,0.44,18.0,0.91,0.0,50.0,0.0
2380.0,normal,C,W,0.48,21.0,0.47,0.0,50.0,0.0
2385.0,normal,C,N,0.14,0.0,10.67,36.0,50.0,1.0
2385.0,normal,C,S,0.18,0.0,10.4,36.0,50.0,1.0
2385.0,normal,C,E,0.46,21.0,0.41,0.0,50.0,1.0
2385.0,normal,C,W,0.5,23.0,0.13,0.0,50.0,1.0
2390.0,normal,C,N,0.18,3.0,7.51,30.0,50.0,2.0
2390.0,normal,C,S,0.2,3.0,7.41,30.0,50.0,2.0
2390.0,normal,C,E,0.46,18.0,0.5,4.0,50.0,2.0
2390.0,normal,C,W,0.46,21.0,0.29,4.0,50.0,2.0
2395.0,normal,C,N,0.22,4.0,4.41,24.0,50.0,2.0
2395.0,normal,C,S,0.22,5.0,3.74,24.0,50.0,2.0
2395.0,normal,C,E,0.42,16.0,1.24,8.0,50.0,2.0
2395.0,normal,C,W,0.42,17.0,0.96,8.0,50.0,2.0
2400.0,normal,C,N,0.24,8.0,3.05,18.0,50.0,2.0
2400.0,normal,C,S,0.24,8.0,1.99,18.0,50.0,2.0
2400.0,normal,C,E,0.36,12.0,2.11,14.0,50.0,2.0
2400.0,normal,C,W,0.36,12.0,1.64,14.0,50.0,2.0
2405.0,normal,C,N,0.28,10.0,2.21,14.0,50.0,2.0
2405.0,normal,C,S,0.3,10.0,2.43,14.0,50.0,2.0
2405.0,normal,C,E,0.3,7.0,3.13,20.0,50.0,2.0
2405.0,normal,C,W,0.3,9.0,2.55,20.0,50.0,2.0
2410.0,normal,C,N,0.32,11.0,2.57,8.0,50.0,2.0
2410.0,normal,C,S,0.34,12.0,2.48,8.0,50.0,2.0
2410.0,normal,C,E,0.26,3.0,5.15,24.0,50.0,2.0
2410.0,normal,C,W,0.26,4.0,4.55,24.0,50.0,2.0
2415.0,normal,C,N,0.38,13.0,1.97,4.0,50.0,2.0
2415.0,normal,C,S,0.38,14.0,1.99,2.0,50.0,2.0
2415.0,normal,C,E,0.2,0.0,8.26,30.0,50.0,2.0
2415.0,normal,C,W,0.22,0.0,7.18,28.0,50.0,2.0
2420.0,normal,C,N,0.42,16.0,1.17,0.0,50.0,2.0
2420.0,normal,C,S,0.42,16.0,1.02,0.0,50.0,2.0
2420.0,normal,C,E,0.16,0.0,11.2,36.0,50.0,2.0
2420.0,normal,C,W,0.16,0.0,10.22,34.0,50.0,2.0
2425.0,normal,C,N,0.46,19.0,0.65,0.0,50.0,2.0
2425.0,normal,C,S,0.46,21.0,0.49,0.0,50.0,2.0
2425.0,normal,C,E,0.16,0.0,12.53,36.0,50.0,2.0
2425.0,normal,C,W,0.16,0.0,11.76,34.0,50.0,2.0
2430.0,normal,C,N,0.48,22.0,0.35,0.0,50.0,3.0
2430.0,normal,C,S,0.48,22.0,0.26,0.0,50.0,3.0
2430.0,normal,C,E,0.16,0.0,10.94,36.0,50.0,3.0
2430.0,normal,C,W,0.16,0.0,10.65,34.0,50.0,3.0
2435.0,normal,C,N,0.46,20.0,0.35,4.0,50.0,0.0
2435.0,normal,C,S,0.46,21.0,0.29,4.0,50.0,0.0
2435.0,normal,C,E,0.2,3.0,6.81,30.0,50.0,0.0
2435.0,normal,C,W,0.18,2.0,5.2,28.0,50.0,0.0
2440.0,normal,C,N,0.42,17.0,1.09,8.0,50.0,0.0
2440.0,normal,C,S,0.42,16.0,0.96,8.0,50.0,0.0
2440.0,normal,C,E,0.22,6.0,3.86,24.0,50.0,0.0
2440.0,normal,C,W,0.2,5.0,4.22,22.0,50.0,0.0
2445.0,normal,C,N,0.36,13.0,1.85,14.0,50.0,0.0
2445.0,normal,C,S,0.36,12.0,1.64,14.0,50.0,0.0
2445.0,normal,C,E,0.24,10.0,0.73,20.0,50.0,0.0
2445.0,normal,C,W,0.2,8.0,2.49,18.0,50.0,0.0
2450.0,normal,C,N,0.32,8.0,3.55,18.0,50.0,0.0
2450.0,normal,C,S,0.32,8.0,3.59,18.0,50.0,0.0
2450.0,normal,C,E,0.28,11.0,1.18,14.0,50.0,0.0
2450.0,normal,C,W,0.26,9.0,1.5,14.0,50.0,0.0
2455.0,normal,C,N,0.26,4.0,5.04,24.0,50.0,0.0
2455.0,normal,C,S,0.26,4.0,5.43,24.0,50.0,0.0
2455.0,normal,C,E,0.3,11.0,2.36,8.0,50.0,0.0
2455.0,normal,C,W,0.3,10.0,3.0,8.0,50.0,0.0
2460.0,normal,C,N,0.2,0.0,7.52,30.0,50.0,0.0
2460.0,normal,C,S,0.2,0.0,7.94,30.0,50.0,0.0
2460.0,normal,C,E,0.36,12.0,2.24,4.0,50.0,0.0
2460.0,normal,C,W,0.34,11.0,2.45,4.0,50.0,0.0
2465.0,normal,C,N,0.16,0.0,11.5,34.0,50.0,0.0
2465.0,normal,C,S,0.18,0.0,10.8,34.0,50.0,0.0
2465.0,normal,C,E,0.4,15.0,1.63,0.0,50.0,0.0
2465.0,normal,C,W,0.38,14.0,1.87,0.0,50.0,0.0
2470.0,normal,C,N,0.14,0.0,12.25,36.0,50.0,0.0
2470.0,normal,C,S,0.16,0.0,11.89,36.0,50.0,0.0
2470.0,normal,C,E,0.44,17.0,0.67,0.0,50.0,0.0
2470.0,normal,C,W,0.42,17.0,1.04,0.0,50.0,0.0
2475.0,normal,C,N,0.14,0.0,10.73,36.0,50.0,1.0
2475.0,normal,C,S,0.18,0.0,9.5,34.0,50.0,1.0
2475.0,normal,C,E,0.46,21.0,0.52,0.0,50.0,1.0
2475.0,normal,C,W,0.46,19.0,0.54,0.0,50.0,1.0
2480.0,normal,C,N,0.16,2.0,7.33,30.0,50.0,2.0
2480.0,normal,C,S,0.2,4.0,4.43,28.0,50.0,2.0
2480.0,normal,C,E,0.46,18.0,0.53,4.0,50.0,2.0
2480.0,normal,C,W,0.44,17.0,0.62,4.0,50.0,2.0
2485.0,normal,C,N,0.16,4.0,2.44,26.0,50.0,2.0
2485.0,normal,C,S,0.22,8.0,2.4,24.0,50.0,2.0
2485.0,normal,C,E,0.42,16.0,1.01,8.0,50.0,2.0
2485.0,normal,C,W,0.42,16.0,0.98,8.0,50.0,2.0
2490.0,normal,C,N,0.18,7.0,0.54,20.0,50.0,2.0
2490.0,normal,C,S,0.24,10.0,1.6,18.0,50.0,2.0
2490.0,normal,C,E,0.36,12.0,1.77,14.0,50.0,2.0
2490.0,normal,C,W,0.36,13.0,1.58,14.0,50.0,2.0
2495.0,normal,C,N,0.22,8.0,2.34,14.0,50.0,2.0
2495.0,normal,C,S,0.3,10.0,2.5,12.0,50.0,2.0
2495.0,normal,C,E,0.32,7.0,3.55,18.0,50.0,2.0
2495.0,normal,C,W,0.32,8.0,3.52,18.0,50.0,2.0
2500.0,normal,C,N,0.26,8.0,4.11,10.0,50.0,2.0
2500.0,normal,C,S,0.34,12.0,2.47,8.0,50.0,2.0
2500.0,normal,C,E,0.26,3.0,5.52,24.0,50.0,2.0
2500.0,normal,C,W,0.26,4.0,4.8,24.0,50.0,2.0
2505.0,normal,C,N,0.32,10.0,3.1,4.0,50.0,2.0
2505.0,normal,C,S,0.38,14.0,1.92,2.0,50.0,2.0
2505.0,normal,C,E,0.2,0.0,7.35,30.0,50.0,2.0
2505.0,normal,C,W,0.2,0.0,7.49,30.0,50.0,2.0
2510.0,normal,C,N,0.36,12.0,2.14,0.0,50.0,2.0
2510.0,normal,C,S,0.42,17.0,1.03,0.0,50.0,2.0
2510.0,normal,C,E,0.18,0.0,10.81,34.0,50.0,2.0
2510.0,normal,C,W,0.18,0.0,11.09,34.0,50.0,2.0
2515.0,normal,C,N,0.4,15.0,1.4,0.0,50.0,2.0
2515.0,normal,C,S,0.46,21.0,0.54,0.0,50.0,2.0
2515.0,normal,C,E,0.14,0.0,11.89,36.0,50.0,2.0
2515.0,normal,C,W,0.16,0.0,11.98,36.0,50.0,2.0
2520.0,normal,C,N,0.44,18.0,0.84,0.0,50.0,3.0
2520.0,normal,C,S,0.48,22.0,0.3,0.0,50.0,3.0
2520.0,normal,C,E,0.16,1.0,9.17,34.0,50.0,3.0
2520.0,normal,C,W,0.18,1.0,9.59,34.0,50.0,3.0
2525.0,normal,C,N,0.42,16.0,0.73,4.0,50.0,0.0
2525.0,normal,C,S,0.46,20.0,0.34,4.0,50.0,0.0
2525.0,normal,C,E,0.18,3.0,5.1,28.0,50.0,0.0
2525.0,normal,C,W,0.24,4.0,6.18,28.0,50.0,0.0
2530.0,normal,C,N,0.42,14.0,1.29,8.0,50.0,0.0
2530.0,normal,C,S,0.42,16.0,1.05,8.0,50.0,0.0
2530.0,normal,C,E,0.2,7.0,1.88,24.0,50.0,0.0
2530.0,normal,C,W,0.28,7.0,3.94,24.0,50.0,0.0
2535.0,normal,C,N,0.36,13.0,1.78,14.0,50.0,0.0
2535.0,normal,C,S,0.36,12.0,1.67,14.0,50.0,0.0
2535.0,normal,C,E,0.22,9.0,1.27,18.0,50.0,0.0
2535.0,normal,C,W,0.3,10.0,1.62,18.0,50.0,0.0
2540.0,normal,C,N,0.32,8.0,3.58,18.0,50.0,0.0
2540.0,normal,C,S,0.32,9.0,3.33,18.0,50.0,0.0
2540.0,normal,C,E,0.26,9.0,2.26,12.0,50.0,0.0
2540.0,normal,C,W,0.32,13.0,1.02,12.0,50.0,0.0
2545.0,normal,C,N,0.26,4.0,4.82,24.0,50.0,0.0
2545.0,normal,C,S,0.26,4.0,4.9,24.0,50.0,0.0
2545.0,normal,C,E,0.3,10.0,2.99,8.0,50.0,0.0
2545.0,normal,C,W,0.38,14.0,1.75,8.0,50.0,0.0
2550.0,normal,C,N,0.2,0.0,7.56,30.0,50.0,0.0
2550.0,normal,C,S,0.2,0.0,7.59,30.0,50.0,0.0
2550.0,normal,C,E,0.34,11.0,2.47,2.0,50.0,0.0
2550.0,normal,C,W,0.42,16.0,1.16,2.0,50.0,0.0
2555.0,normal,C,N,0.18,0.0,10.62,34.0,50.0,0.0
2555.0,normal,C,S,0.16,0.0,11.35,34.0,50.0,0.0
2555.0,normal,C,E,0.38,14.0,1.91,0.0,50.0,0.0
2555.0,normal,C,W,0.44,19.0,0.67,0.0,50.0,0.0
2560.0,normal,C,N,0.16,0.0,11.01,36.0,50.0,0.0
2560.0,normal,C,S,0.14,0.0,11.79,36.0,50.0,0.0
2560.0,normal,C,E,0.42,17.0,0.99,0.0,50.0,0.0
2560.0,normal,C,W,0.48,22.0,0.41,0.0,50.0,0.0
2565.0,normal,C,N,0.2,1.0,9.33,34.0,50.0,1.0
2565.0,normal,C,S,0.18,1.0,9.62,34.0,50.0,1.0
2565.0,normal,C,E,0.46,19.0,0.57,0.0,50.0,1.0
2565.0,normal,C,W,0.5,25.0,0.02,0.0,50.0,1.0
2570.0,normal,C,N,0.2,4.0,5.93,28.0,50.0,2.0
2570.0,normal,C,S,0.2,4.0,5.73,28.0,50.0,2.0
2570.0,normal,C,E,0.44,17.0,0.68,4.0,50.0,2.0
2570.0,normal,C,W,0.46,21.0,0.29,4.0,50.0,2.0
2575.0,normal,C,N,0.2,7.0,1.4,24.0,50.0,2.0
2575.0,normal,C,S,0.22,7.0,2.63,24.0,50.0,2.0
2575.0,normal,C,E,0.42,16.0,0.99,8.0,50.0,2.0
2575.0,normal,C,W,0.42,17.0,0.93,8.0,50.0,2.0
2580.0,normal,C,N,0.22,10.0,0.19,18.0,50.0,2.0
2580.0,normal,C,S,0.24,9.0,2.24,18.0,50.0,2.0
2580.0,normal,C,E,0.36,12.0,1.76,14.0,50.0,2.0
2580.0,normal,C,W,0.38,12.0,2.1,12.0,50.0,2.0
2585.0,normal,C,N,0.26,10.0,1.63,12.0,50.0,2.0
2585.0,normal,C,S,0.28,10.0,2.04,12.0,50.0,2.0
2585.0,normal,C,E,0.32,8.0,3.62,18.0,50.0,2.0
2585.0,normal,C,W,0.32,8.0,3.41,18.0,50.0,2.0
2590.0,normal,C,N,0.3,10.0,2.9,8.0,50.0,2.0
2590.0,normal,C,S,0.32,12.0,2.27,8.0,50.0,2.0
2590.0,normal,C,E,0.26,3.0,5.24,24.0,50.0,2.0
2590.0,normal,C,W,0.26,4.0,5.21,24.0,50.0,2.0
2595.0,normal,C,N,0.34,12.0,2.37,2.0,50.0,2.0
2595.0,normal,C,S,0.36,14.0,1.74,2.0,50.0,2.0
2595.0,normal,C,E,0.2,0.0,7.88,30.0,50.0,2.0
2595.0,normal,C,W,0.22,0.0,7.77,28.0,50.0,2.0
2600.0,normal,C,N,0.38,14.0,1.82,0.0,50.0,2.0
2600.0,normal,C,S,0.4,16.0,1.34,0.0,50.0,2.0
2600.0,normal,C,E,0.16,0.0,10.84,34.0,50.0,2.0
2600.0,normal,C,W,0.16,0.0,10.34,34.0,50.0,2.0
2605.0,normal,C,N,0.42,17.0,1.19,0.0,50.0,2.0
2605.0,normal,C,S,0.44,19.0,0.61,0.0,50.0,2.0
2605.0,normal,C,E,0.16,0.0,12.61,36.0,50.0,2.0
2605.0,normal,C,W,0.12,0.0,10.87,36.0,50.0,2.0
2610.0,normal,C,N,0.46,20.0,0.8,0.0,50.0,3.0
2610.0,normal,C,S,0.46,21.0,0.42,0.0,50.0,3.0
2610.0,normal,C,E,0.16,0.0,11.62,36.0,50.0,3.0
2610.0,normal,C,W,0.14,0.0,8.83,34.0,50.0,3.0
2615.0,normal,C,N,0.46,19.0,0.48,4.0,50.0,0.0
2615.0,normal,C,S,0.46,19.0,0.5,4.0,50.0,0.0
2615.0,normal,C,E,0.16,3.0,5.51,30.0,50.0,0.0
2615.0,normal,C,W,0.18,4.0,6.09,30.0,50.0,0.0
2620.0,normal,C,N,0.42,17.0,0.79,8.0,50.0,0.0
2620.0,normal,C,S,0.42,17.0,0.91,8.0,50.0,0.0
2620.0,normal,C,E,0.16,5.0,1.65,26.0,50.0,0.0
2620.0,normal,C,W,0.2,6.0,5.3,24.0,50.0,0.0
2625.0,normal,C,N,0.38,12.0,1.86,12.0,50.0,0.0
2625.0,normal,C,S,0.36,13.0,1.54,14.0,50.0,0.0
2625.0,normal,C,E,0.18,9.0,0.01,20.0,50.0,0.0
2625.0,normal,C,W,0.22,8.0,1.22,18.0,50.0,0.0
2630.0,normal,C,N,0.32,8.0,3.1,18.0,50.0,0.0
2630.0,normal,C,S,0.32,9.0,3.11,18.0,50.0,0.0
2630.0,normal,C,E,0.2,8.0,1.34,14.0,50.0,0.0
2630.0,normal,C,W,0.26,10.0,1.32,14.0,50.0,0.0
2635.0,normal,C,N,0.26,4.0,4.82,24.0,50.0,0.0
2635.0,normal,C,S,0.26,5.0,4.71,24.0,50.0,0.0
2635.0,normal,C,E,0.24,8.0,3.1,10.0,50.0,0.0
2635.0,normal,C,W,0.28,10.0,2.52,8.0,50.0,0.0
2640.0,normal,C,N,0.22,0.0,7.85,28.0,50.0,0.0
2640.0,normal,C,S,0.22,0.0,8.06,28.0,50.0,0.0
2640.0,normal,C,E,0.3,8.0,3.65,4.0,50.0,0.0
2640.0,normal,C,W,0.32,11.0,2.46,2.0,50.0,0.0
2645.0,normal,C,N,0.18,0.0,10.0,34.0,50.0,0.0
2645.0,normal,C,S,0.18,0.0,11.2,34.0,50.0,0.0
2645.0,normal,C,E,0.34,10.0,2.76,0.0,50.0,0.0
2645.0,normal,C,W,0.36,13.0,1.79,0.0,50.0,0.0
2650.0,normal,C,N,0.18,0.0,11.11,34.0,50.0,0.0
2650.0,normal,C,S,0.16,0.0,12.08,36.0,50.0,0.0
2650.0,normal,C,E,0.4,13.0,2.11,0.0,50.0,0.0
2650.0,normal,C,W,0.4,16.0,1.1,0.0,50.0,0.0
2655.0,normal,C,N,0.18,0.0,10.44,34.0,50.0,1.0
2655.0,normal,C,S,0.18,1.0,9.84,34.0,50.0,1.0
2655.0,normal,C,E,0.44,16.0,0.91,0.0,50.0,1.0
2655.0,normal,C,W,0.44,18.0,0.66,0.0,50.0,1.0
2660.0,normal,C,N,0.24,3.0,5.93,30.0,50.0,2.0
2660.0,normal,C,S,0.2,4.0,5.07,28.0,50.0,2.0
2660.0,normal,C,E,0.44,16.0,0.87,4.0,50.0,2.0
2660.0,normal,C,W,0.44,16.0,0.88,4.0,50.0,2.0
2665.0,normal,C,N,0.26,7.0,3.08,24.0,50.0,2.0
2665.0,normal,C,S,0.2,7.0,1.41,24.0,50.0,2.0
2665.0,normal,C,E,0.42,15.0,1.18,8.0,50.0,2.0
2665.0,normal,C,W,0.42,14.0,1.21,8.0,50.0,2.0
2670.0,normal,C,N,0.28,10.0,1.21,18.0,50.0,2.0
2670.0,normal,C,S,0.22,11.0,0.02,18.0,50.0,2.0
2670.0,normal,C,E,0.36,13.0,1.68,14.0,50.0,2.0
2670.0,normal,C,W,0.36,13.0,1.7,14.0,50.0,2.0
2675.0,normal,C,N,0.32,12.0,1.15,14.0,50.0,2.0
2675.0,normal,C,S,0.24,10.0,1.26,14.0,50.0,2.0
2675.0,normal,C,E,0.32,8.0,3.23,18.0,50.0,2.0
2675.0,normal,C,W,0.32,8.0,3.26,18.0,50.0,2.0
2680.0,normal,C,N,0.34,13.0,1.8,8.0,50.0,2.0
2680.0,normal,C,S,0.28,10.0,2.49,8.0,50.0,2.0
2680.0,normal,C,E,0.26,5.0,4.29,24.0,50.0,2.0
2680.0,normal,C,W,0.26,4.0,4.72,24.0,50.0,2.0
2685.0,normal,C,N,0.38,15.0,1.31,4.0,50.0,2.0
2685.0,normal,C,S,0.32,11.0,2.72,2.0,50.0,2.0
2685.0,normal,C,E,0.22,1.0,7.36,28.0,50.0,2.0
2685.0,normal,C,W,0.22,0.0,7.5,28.0,50.0,2.0
2690.0,normal,C,N,0.42,17.0,1.07,0.0,50.0,2.0
2690.0,normal,C,S,0.38,13.0,2.0,0.0,50.0,2.0
2690.0,normal,C,E,0.18,0.0,9.39,32.0,50.0,2.0
2690.0,normal,C,W,0.18,0.0,10.15,34.0,50.0,2.0
2695.0,normal,C,N,0.44,19.0,0.67,0.0,50.0,2.0
2695.0,normal,C,S,0.42,16.0,1.28,0.0,50.0,2.0
2695.0,normal,C,E,0.18,0.0,10.76,34.0,50.0,2.0
2695.0,normal,C,W,0.18,0.0,11.0,34.0,50.0,2.0
2700.0,normal,C,N,0.48,22.0,0.3,0.0,50.0,3.0
2700.0,normal,C,S,0.46,19.0,0.6,0.0,50.0,3.0
2700.0,normal,C,E,0.2,1.0,7.91,32.0,50.0,3.0
2700.0,normal,C,W,0.18,0.0,9.65,34.0,50.0,3.0
2705.0,normal,C,N,0.46,20.0,0.45,4.0,50.0,0.0
2705.0,normal,C,S,0.44,18.0,0.67,4.0,50.0,0.0
2705.0,normal,C,E,0.22,3.0,4.84,26.0,50.0,0.0
2705.0,normal,C,W,0.22,4.0,5.89,28.0,50.0,0.0
2710.0,normal,C,N,0.4,16.0,0.87,10.0,50.0,0.0
2710.0,normal,C,S,0.42,17.0,0.98,8.0,50.0,0.0
2710.0,normal,C,E,0.22,6.0,2.03,22.0,50.0,0.0
2710.0,normal,C,W,0.24,7.0,3.49,24.0,50.0,0.0
2715.0,normal,C,N,0.36,12.0,1.99,14.0,50.0,0.0
2715.0,normal,C,S,0.36,13.0,1.39,14.0,50.0,0.0
2715.0,normal,C,E,0.24,10.0,0.81,16.0,50.0,0.0
2715.0,normal,C,W,0.26,9.0,1.77,18.0,50.0,0.0
2720.0,normal,C,N,0.3,8.0,3.25,20.0,50.0,0.0
2720.0,normal,C,S,0.32,8.0,2.98,18.0,50.0,0.0
2720.0,normal,C,E,0.28,11.0,1.57,12.0,50.0,0.0
2720.0,normal,C,W,0.3,12.0,1.83,14.0,50.0,0.0
2725.0,normal,C,N,0.26,4.0,5.16,24.0,50.0,0.0
2725.0,normal,C,S,0.26,4.0,4.51,24.0,50.0,0.0
2725.0,normal,C,E,0.32,12.0,2.2,8.0,50.0,0.0
2725.0,normal,C,W,0.34,12.0,2.08,8.0,50.0,0.0
2730.0,normal,C,N,0.2,0.0,8.28,30.0,50.0,0.0
2730.0,normal,C,S,0.22,0.0,7.06,28.0,50.0,0.0
2730.0,normal,C,E,0.36,13.0,1.95,2.0,50.0,0.0
2730.0,normal,C,W,0.38,15.0,1.57,4.0,50.0,0.0
2735.0,normal,C,N,0.16,0.0,11.92,36.0,50.0,0.0
2735.0,normal,C,S,0.16,0.0,10.85,34.0,50.0,0.0
2735.0,normal,C,E,0.4,16.0,1.22,0.0,50.0,0.0
2735.0,normal,C,W,0.42,17.0,1.09,0.0,50.0,0.0
2740.0,normal,C,N,0.16,0.0,11.87,36.0,50.0,0.0
2740.0,normal,C,S,0.14,0.0,12.07,36.0,50.0,0.0
2740.0,normal,C,E,0.44,18.0,0.84,0.0,50.0,0.0
2740.0,normal,C,W,0.46,20.0,0.51,0.0,50.0,0.0
2745.0,normal,C,N,0.16,0.0,10.59,34.0,50.0,1.0
2745.0,normal,C,S,0.16,0.0,10.14,34.0,50.0,1.0
2745.0,normal,C,E,0.46,21.0,0.4,0.0,50.0,1.0
2745.0,normal,C,W,0.5,23.0,0.26,0.0,50.0,1.0
2750.0,normal,C,N,0.2,3.0,6.32,30.0,50.0,2.0
2750.0,normal,C,S,0.18,3.0,5.98,28.0,50.0,2.0
2750.0,normal,C,E,0.46,18.0,0.5,4.0,50.0,2.0
2750.0,normal,C,W,0.46,20.0,0.37,4.0,50.0,2.0
2755.0,normal,C,N,0.22,7.0,3.47,24.0,50.0,2.0
2755.0,normal,C,S,0.2,7.0,2.57,24.0,50.0,2.0
2755.0,normal,C,E,0.42,17.0,1.04,8.0,50.0,2.0
2755.0,normal,C,W,0.42,16.0,1.24,8.0,50.0,2.0
2760.0,normal,C,N,0.24,9.0,2.29,20.0,50.0,2.0
2760.0,normal,C,S,0.22,9.0,1.35,18.0,50.0,2.0
2760.0,normal,C,E,0.36,12.0,1.63,14.0,50.0,2.0
2760.0,normal,C,W,0.36,12.0,2.18,14.0,50.0,2.0
2765.0,normal,C,N,0.28,11.0,2.05,14.0,50.0,2.0
2765.0,normal,C,S,0.24,10.0,1.25,14.0,50.0,2.0
2765.0,normal,C,E,0.32,9.0,3.33,18.0,50.0,2.0
2765.0,normal,C,W,0.3,8.0,3.02,20.0,50.0,2.0
2770.0,normal,C,N,0.32,11.0,2.5,8.0,50.0,2.0
2770.0,normal,C,S,0.28,10.0,2.85,8.0,50.0,2.0
2770.0,normal,C,E,0.26,5.0,5.4,24.0,50.0,2.0
2770.0,normal,C,W,0.26,3.0,4.92,24.0,50.0,2.0
2775.0,normal,C,N,0.38,14.0,1.8,4.0,50.0,2.0
2775.0,normal,C,S,0.34,11.0,2.82,2.0,50.0,2.0
2775.0,normal,C,E,0.2,0.0,8.43,30.0,50.0,2.0
2775.0,normal,C,W,0.22,0.0,7.99,28.0,50.0,2.0
2780.0,normal,C,N,0.42,16.0,1.15,0.0,50.0,2.0
2780.0,normal,C,S,0.38,13.0,2.06,0.0,50.0,2.0
2780.0,normal,C,E,0.18,0.0,10.54,34.0,50.0,2.0
2780.0,normal,C,W,0.18,0.0,10.09,34.0,50.0,2.0
2785.0,normal,C,N,0.44,19.0,0.69,0.0,50.0,2.0
2785.0,normal,C,S,0.42,16.0,0.96,0.0,50.0,2.0
2785.0,normal,C,E,0.16,0.0,11.74,36.0,50.0,2.0
2785.0,normal,C,W,0.18,0.0,10.53,34.0,50.0,2.0
2790.0,normal,C,N,0.48,21.0,0.39,0.0,50.0,3.0
2790.0,normal,C,S,0.46,19.0,0.62,0.0,50.0,3.0
2790.0,normal,C,E,0.18,0.0,10.4,36.0,50.0,3.0
2790.0,normal,C,W,0.18,0.0,9.05,34.0,50.0,3.0
2795.0,normal,C,N,0.46,20.0,0.38,4.0,50.0,0.0
2795.0,normal,C,S,0.46,17.0,0.53,4.0,50.0,0.0
2795.0,normal,C,E,0.2,2.0,6.37,30.0,50.0,0.0
2795.0,normal,C,W,0.2,4.0,4.9,28.0,50.0,0.0
2800.0,normal,C,N,0.42,17.0,1.03,8.0,50.0,0.0
2800.0,normal,C,S,0.42,16.0,1.11,8.0,50.0,0.0
2800.0,normal,C,E,0.22,5.0,3.54,26.0,50.0,0.0
2800.0,normal,C,W,0.22,6.0,1.92,22.0,50.0,0.0
2805.0,normal,C,N,0.36,12.0,1.9,14.0,50.0,0.0
2805.0,normal,C,S,0.36,12.0,1.67,14.0,50.0,0.0
2805.0,normal,C,E,0.22,9.0,1.29,20.0,50.0,0.0
2805.0,normal,C,W,0.24,10.0,1.63,18.0,50.0,0.0
2810.0,normal,C,N,0.32,8.0,3.18,18.0,50.0,0.0
2810.0,normal,C,S,0.32,8.0,3.45,18.0,50.0,0.0
2810.0,normal,C,E,0.26,10.0,0.59,14.0,50.0,0.0
2810.0,normal,C,W,0.28,10.0,2.74,14.0,50.0,0.0
2815.0,normal,C,N,0.26,4.0,5.35,24.0,50.0,0.0
2815.0,normal,C,S,0.26,4.0,5.2,24.0,50.0,0.0
2815.0,normal,C,E,0.28,11.0,2.12,10.0,50.0,0.0
2815.0,normal,C,W,0.34,11.0,2.42,8.0,50.0,0.0
2820.0,normal,C,N,0.2,0.0,8.08,30.0,50.0,0.0
2820.0,normal,C,S,0.22,0.0,8.02,28.0,50.0,0.0
2820.0,normal,C,E,0.32,12.0,2.25,4.0,50.0,0.0
2820.0,normal,C,W,0.38,14.0,1.97,4.0,50.0,0.0
2825.0,normal,C,N,0.18,0.0,10.44,34.0,50.0,0.0
2825.0,normal,C,S,0.18,0.0,10.05,34.0,50.0,0.0
2825.0,normal,C,E,0.36,14.0,1.59,0.0,50.0,0.0
2825.0,normal,C,W,0.42,16.0,1.18,0.0,50.0,0.0
2830.0,normal,C,N,0.16,0.0,11.12,36.0,50.0,0.0
2830.0,normal,C,S,0.16,0.0,11.19,36.0,50.0,0.0
2830.0,normal,C,E,0.4,16.0,1.23,0.0,50.0,0.0
2830.0,normal,C,W,0.46,19.0,0.63,0.0,50.0,0.0
2835.0,normal,C,N,0.18,0.0,9.33,34.0,50.0,1.0
2835.0,normal,C,S,0.16,0.0,8.9,34.0,50.0,1.0
2835.0,normal,C,E,0.42,18.0,1.0,0.0,50.0,1.0
2835.0,normal,C,W,0.48,22.0,0.28,0.0,50.0,1.0
2840.0,normal,C,N,0.2,3.0,5.96,28.0,50.0,2.0
2840.0,normal,C,S,0.18,4.0,4.02,28.0,50.0,2.0
2840.0,normal,C,E,0.42,15.0,0.86,4.0,50.0,2.0
2840.0,normal,C,W,0.46,21.0,0.32,4.0,50.0,2.0
2845.0,normal,C,N,0.24,7.0,2.72,24.0,50.0,2.0
2845.0,normal,C,S,0.22,7.0,2.45,24.0,50.0,2.0
2845.0,normal,C,E,0.42,14.0,1.27,8.0,50.0,2.0
2845.0,normal,C,W,0.42,16.0,1.07,8.0,50.0,2.0
2850.0,normal,C,N,0.26,10.0,2.43,18.0,50.0,2.0
2850.0,normal,C,S,0.24,8.0,2.91,18.0,50.0,2.0
2850.0,normal,C,E,0.36,12.0,1.68,14.0,50.0,2.0
2850.0,normal,C,W,0.36,12.0,1.72,14.0,50.0,2.0
2855.0,normal,C,N,0.3,12.0,1.64,12.0,50.0,2.0
2855.0,normal,C,S,0.28,9.0,3.25,14.0,50.0,2.0
2855.0,normal,C,E,0.32,8.0,3.34,18.0,50.0,2.0
2855.0,normal,C,W,0.32,8.0,3.65,18.0,50.0,2.0
2860.0,normal,C,N,0.34,13.0,1.98,8.0,50.0,2.0
2860.0,normal,C,S,0.34,11.0,2.93,8.0,50.0,2.0
2860.0,normal,C,E,0.26,4.0,4.97,24.0,50.0,2.0
2860.0,normal,C,W,0.26,4.0,5.63,24.0,50.0,2.0
2865.0,normal,C,N,0.38,14.0,1.58,2.0,50.0,2.0
2865.0,normal,C,S,0.38,13.0,1.82,2.0,50.0,2.0
2865.0,normal,C,E,0.22,1.0,7.52,28.0,50.0,2.0
2865.0,normal,C,W,0.2,0.0,8.53,30.0,50.0,2.0
2870.0,normal,C,N,0.4,17.0,0.96,0.0,50.0,2.0
2870.0,normal,C,S,0.42,17.0,1.1,0.0,50.0,2.0
2870.0,normal,C,E,0.18,0.0,10.65,34.0,50.0,2.0
2870.0,normal,C,W,0.18,0.0,10.54,36.0,50.0,2.0
2875.0,normal,C,N,0.44,19.0,0.69,0.0,50.0,2.0
2875.0,normal,C,S,0.46,19.0,0.79,0.0,50.0,2.0
2875.0,normal,C,E,0.16,0.0,12.19,36.0,50.0,2.0
2875.0,normal,C,W,0.16,0.0,11.13,36.0,50.0,2.0
2880.0,normal,C,N,0.48,22.0,0.34,0.0,50.0,3.0
2880.0,normal,C,S,0.48,21.0,0.33,0.0,50.0,3.0
2880.0,normal,C,E,0.18,1.0,9.56,34.0,50.0,3.0
2880.0,normal,C,W,0.16,0.0,10.63,36.0,50.0,3.0
2885.0,normal,C,N,0.46,19.0,0.5,4.0,50.0,0.0
2885.0,normal,C,S,0.46,21.0,0.33,4.0,50.0,0.0
2885.0,normal,C,E,0.22,4.0,6.33,28.0,50.0,0.0
2885.0,normal,C,W,0.2,2.0,5.81,30.0,50.0,0.0
2890.0,normal,C,N,0.42,17.0,1.1,8.0,50.0,0.0
2890.0,normal,C,S,0.42,17.0,0.92,8.0,50.0,0.0
2890.0,normal,C,E,0.22,6.0,2.67,24.0,50.0,0.0
2890.0,normal,C,W,0.24,6.0,3.94,26.0,50.0,0.0
2895.0,normal,C,N,0.36,13.0,1.93,14.0,50.0,0.0
2895.0,normal,C,S,0.36,13.0,1.83,14.0,50.0,0.0
2895.0,normal,C,E,0.24,10.0,0.28,18.0,50.0,0.0
2895.0,normal,C,W,0.26,8.0,2.52,20.0,50.0,0.0
2900.0,normal,C,N,0.3,8.0,3.11,20.0,50.0,0.0
2900.0,normal,C,S,0.32,8.0,3.12,18.0,50.0,0.0
2900.0,normal,C,E,0.28,11.0,1.35,14.0,50.0,0.0
2900.0,normal,C,W,0.3,11.0,2.14,14.0,50.0,0.0
2905.0,normal,C,N,0.26,4.0,5.3,24.0,50.0,0.0
2905.0,normal,C,S,0.26,4.0,4.82,24.0,50.0,0.0
2905.0,normal,C,E,0.32,11.0,2.43,8.0,50.0,0.0
2905.0,normal,C,W,0.34,12.0,2.45,8.0,50.0,0.0
2910.0,normal,C,N,0.2,0.0,8.11,30.0,50.0,0.0
2910.0,normal,C,S,0.22,0.0,7.5,28.0,50.0,0.0
2910.0,normal,C,E,0.36,13.0,2.05,2.0,50.0,0.0
2910.0,normal,C,W,0.38,14.0,1.43,4.0,50.0,0.0
2915.0,normal,C,N,0.16,0.0,10.91,36.0,50.0,0.0
2915.0,normal,C,S,0.18,0.0,10.75,34.0,50.0,0.0
2915.0,normal,C,E,0.4,15.0,1.43,0.0,50.0,0.0
2915.0,normal,C,W,0.42,18.0,0.89,0.0,50.0,0.0
2920.0,normal,C,N,0.16,0.0,11.72,36.0,50.0,0.0
2920.0,normal,C,S,0.12,0.0,11.42,36.0,50.0,0.0
2920.0,normal,C,E,0.42,17.0,0.9,0.0,50.0,0.0
2920.0,normal,C,W,0.46,20.0,0.61,0.0,50.0,0.0
2925.0,normal,C,N,0.14,0.0,10.32,36.0,50.0,1.0
2925.0,normal,C,S,0.16,0.0,8.61,34.0,50.0,1.0
2925.0,normal,C,E,0.46,20.0,0.5,0.0,50.0,1.0
2925.0,normal,C,W,0.5,24.0,0.21,0.0,50.0,1.0
2930.0,normal,C,N,0.18,2.0,7.72,30.0,50.0,2.0
2930.0,normal,C,S,0.16,3.0,4.2,28.0,50.0,2.0
2930.0,normal,C,E,0.46,18.0,0.55,4.0,50.0,2.0
2930.0,normal,C,W,0.46,21.0,0.28,4.0,50.0,2.0
2935.0,normal,C,N,0.22,5.0,4.32,24.0,50.0,2.0
2935.0,normal,C,S,0.16,5.0,3.02,24.0,50.0,2.0
2935.0,normal,C,E,0.42,17.0,0.81,8.0,50.0,2.0
2935.0,normal,C,W,0.42,17.0,1.07,8.0,50.0,2.0
2940.0,normal,C,N,0.22,8.0,2.91,20.0,50.0,2.0
2940.0,normal,C,S,0.18,6.0,0.8,18.0,50.0,2.0
2940.0,normal,C,E,0.38,12.0,1.86,12.0,50.0,2.0
2940.0,normal,C,W,0.36,12.0,1.81,14.0,50.0,2.0
2945.0,normal,C,N,0.26,9.0,1.36,14.0,50.0,2.0
2945.0,normal,C,S,0.22,8.0,1.9,14.0,50.0,2.0
2945.0,normal,C,E,0.32,8.0,2.95,18.0,50.0,2.0
2945.0,normal,C,W,0.32,8.0,3.58,18.0,50.0,2.0
2950.0,normal,C,N,0.3,11.0,2.46,8.0,50.0,2.0
2950.0,normal,C,S,0.26,8.0,3.83,8.0,50.0,2.0
2950.0,normal,C,E,0.26,4.0,4.65,24.0,50.0,2.0
2950.0,normal,C,W,0.26,4.0,5.07,24.0,50.0,2.0
2955.0,normal,C,N,0.36,12.0,2.23,4.0,50.0,2.0
2955.0,normal,C,S,0.3,9.0,3.29,2.0,50.0,2.0
2955.0,normal,C,E,0.22,0.0,7.91,28.0,50.0,2.0
2955.0,normal,C,W,0.2,1.0,7.86,30.0,50.0,2.0
2960.0,normal,C,N,0.4,15.0,1.7,0.0,50.0,2.0
2960.0,normal,C,S,0.34,11.0,2.44,0.0,50.0,2.0
2960.0,normal,C,E,0.18,0.0,10.98,34.0,50.0,2.0
2960.0,normal,C,W,0.14,0.0,10.92,36.0,50.0,2.0
2965.0,normal,C,N,0.44,18.0,0.77,0.0,50.0,2.0
2965.0,normal,C,S,0.38,14.0,1.66,0.0,50.0,2.0
2965.0,normal,C,E,0.14,0.0,12.22,36.0,50.0,2.0
2965.0,normal,C,W,0.14,0.0,11.57,36.0,50.0,2.0
2970.0,normal,C,N,0.48,22.0,0.32,0.0,50.0,3.0
2970.0,normal,C,S,0.42,17.0,0.96,0.0,50.0,3.0
2970.0,normal,C,E,0.18,1.0,9.86,34.0,50.0,3.0
2970.0,normal,C,W,0.16,0.0,10.39,34.0,50.0,3.0
2975.0,normal,C,N,0.46,20.0,0.39,4.0,50.0,0.0
2975.0,normal,C,S,0.42,15.0,0.87,4.0,50.0,0.0
2975.0,normal,C,E,0.18,4.0,4.58,30.0,50.0,0.0
2975.0,normal,C,W,0.18,3.0,5.98,28.0,50.0,0.0
2980.0,normal,C,N,0.42,17.0,1.0,8.0,50.0,0.0
2980.0,normal,C,S,0.42,13.0,1.28,8.0,50.0,0.0
2980.0,normal,C,E,0.2,7.0,1.6,24.0,50.0,0.0
2980.0,normal,C,W,0.18,6.0,1.84,24.0,50.0,0.0
2985.0,normal,C,N,0.36,13.0,1.59,14.0,50.0,0.0
2985.0,normal,C,S,0.38,13.0,1.93,12.0,50.0,0.0
2985.0,normal,C,E,0.24,9.0,1.74,18.0,50.0,0.0
2985.0,normal,C,W,0.2,8.0,0.49,18.0,50.0,0.0
2990.0,normal,C,N,0.32,8.0,3.23,18.0,50.0,0.0
2990.0,normal,C,S,0.32,8.0,2.99,18.0,50.0,0.0
2990.0,normal,C,E,0.28,9.0,3.61,14.0,50.0,0.0
2990.0,normal,C,W,0.24,9.0,1.7,12.0,50.0,0.0
2995.0,normal,C,N,0.26,4.0,4.88,24.0,50.0,0.0
2995.0,normal,C,S,0.26,4.0,4.25,24.0,50.0,0.0
2995.0,normal,C,E,0.34,10.0,3.08,8.0,50.0,0.0
2995.0,normal,C,W,0.28,9.0,3.67,6.0,50.0,0.0
3000.0,normal,C,N,0.22,0.0,7.76,28.0,50.0,0.0
3000.0,normal,C,S,0.22,0.0,6.97,28.0,50.0,0.0
3000.0,normal,C,E,0.38,13.0,1.98,2.0,50.0,0.0
3000.0,normal,C,W,0.32,11.0,2.73,2.0,50.0,0.0
3005.0,normal,C,N,0.18,0.0,9.81,34.0,50.0,0.0
3005.0,normal,C,S,0.16,0.0,9.46,34.0,50.0,0.0
3005.0,normal,C,E,0.42,17.0,1.07,0.0,50.0,0.0
3005.0,normal,C,W,0.36,13.0,1.9,0.0,50.0,0.0
3010.0,normal,C,N,0.16,0.0,11.19,36.0,50.0,0.0
3010.0,normal,C,S,0.16,0.0,10.83,34.0,50.0,0.0
3010.0,normal,C,E,0.46,20.0,0.51,0.0,50.0,0.0
3010.0,normal,C,W,0.4,16.0,1.21,0.0,50.0,0.0
3015.0,normal,C,N,0.18,0.0,9.51,34.0,50.0,1.0
3015.0,normal,C,S,0.18,1.0,8.35,32.0,50.0,1.0
3015.0,normal,C,E,0.5,23.0,0.27,0.0,50.0,1.0
3015.0,normal,C,W,0.44,19.0,0.79,0.0,50.0,1.0
3020.0,normal,C,N,0.2,3.0,5.12,28.0,50.0,2.0
3020.0,normal,C,S,0.2,4.0,4.34,28.0,50.0,2.0
3020.0,normal,C,E,0.46,19.0,0.45,4.0,50.0,2.0
3020.0,normal,C,W,0.44,16.0,0.76,4.0,50.0,2.0
3025.0,normal,C,N,0.2,6.0,2.49,24.0,50.0,2.0
3025.0,normal,C,S,0.22,7.0,2.12,22.0,50.0,2.0
3025.0,normal,C,E,0.4,16.0,0.75,10.0,50.0,2.0
3025.0,normal,C,W,0.42,15.0,0.98,8.0,50.0,2.0
3030.0,normal,C,N,0.22,10.0,0.42,18.0,50.0,2.0
3030.0,normal,C,S,0.24,9.0,2.29,16.0,50.0,2.0
3030.0,normal,C,E,0.36,12.0,2.01,14.0,50.0,2.0
3030.0,normal,C,W,0.36,13.0,1.68,14.0,50.0,2.0
3035.0,normal,C,N,0.24,10.0,1.24,14.0,50.0,2.0
3035.0,normal,C,S,0.28,10.0,1.95,12.0,50.0,2.0
3035.0,normal,C,E,0.3,8.0,3.3,20.0,50.0,2.0
3035.0,normal,C,W,0.32,8.0,3.13,18.0,50.0,2.0
3040.0,normal,C,N,0.28,10.0,2.85,8.0,50.0,2.0
3040.0,normal,C,S,0.32,11.0,2.5,6.0,50.0,2.0
3040.0,normal,C,E,0.26,4.0,5.71,24.0,50.0,2.0
3040.0,normal,C,W,0.26,3.0,4.65,24.0,50.0,2.0
3045.0,normal,C,N,0.34,11.0,2.72,2.0,50.0,2.0
3045.0,normal,C,S,0.38,14.0,2.0,2.0,50.0,2.0
3045.0,normal,C,E,0.2,0.0,8.73,30.0,50.0,2.0
3045.0,normal,C,W,0.22,0.0,7.15,28.0,50.0,2.0
3050.0,normal,C,N,0.38,13.0,2.03,0.0,50.0,2.0
3050.0,normal,C,S,0.42,17.0,1.1,0.0,50.0,2.0
3050.0,normal,C,E,0.16,0.0,11.86,36.0,50.0,2.0
3050.0,normal,C,W,0.16,0.0,9.59,34.0,50.0,2.0
3055.0,normal,C,N,0.42,17.0,0.97,0.0,50.0,2.0
3055.0,normal,C,S,0.44,19.0,0.69,0.0,50.0,2.0
3055.0,normal,C,E,0.16,0.0,12.44,36.0,50.0,2.0
3055.0,normal,C,W,0.18,0.0,10.28,34.0,50.0,2.0
3060.0,normal,C,N,0.46,21.0,0.47,0.0,50.0,3.0
3060.0,normal,C,S,0.48,21.0,0.36,0.0,50.0,3.0
3060.0,normal,C,E,0.16,0.0,10.41,34.0,50.0,3.0
3060.0,normal,C,W,0.16,0.0,9.95,34.0,50.0,3.0
3065.0,normal,C,N,0.46,17.0,0.63,4.0,50.0,0.0
3065.0,normal,C,S,0.46,19.0,0.37,4.0,50.0,0.0
3065.0,normal,C,E,0.18,3.0,5.25,30.0,50.0,0.0
3065.0,normal,C,W,0.18,3.0,5.06,28.0,50.0,0.0
3070.0,normal,C,N,0.42,16.0,1.09,8.0,50.0,0.0
3070.0,normal,C,S,0.42,16.0,1.11,8.0,50.0,0.0
3070.0,normal,C,E,0.18,6.0,2.04,24.0,50.0,0.0
3070.0,normal,C,W,0.18,7.0,1.82,24.0,50.0,0.0
3075.0,normal,C,N,0.36,12.0,1.76,14.0,50.0,0.0
3075.0,normal,C,S,0.36,13.0,2.05,14.0,50.0,0.0
3075.0,normal,C,E,0.18,8.0,0.32,20.0,50.0,0.0
3075.0,normal,C,W,0.2,8.0,1.32,18.0,50.0,0.0
3080.0,normal,C,N,0.32,8.0,3.1,18.0,50.0,0.0
3080.0,normal,C,S,0.3,8.0,3.35,20.0,50.0,0.0
3080.0,normal,C,E,0.22,9.0,0.55,14.0,50.0,0.0
3080.0,normal,C,W,0.24,9.0,1.99,14.0,50.0,0.0
3085.0,normal,C,N,0.26,4.0,4.94,24.0,50.0,0.0
3085.0,normal,C,S,0.24,4.0,5.2,26.0,50.0,0.0
3085.0,normal,C,E,0.26,9.0,2.3,8.0,50.0,0.0
3085.0,normal,C,W,0.28,9.0,3.37,8.0,50.0,0.0
3090.0,normal,C,N,0.2,0.0,7.59,30.0,50.0,0.0
3090.0,normal,C,S,0.2,0.0,8.3,30.0,50.0,0.0
3090.0,normal,C,E,0.3,9.0,3.75,4.0,50.0,0.0
3090.0,normal,C,W,0.34,11.0,3.11,4.0,50.0,0.0
3095.0,normal,C,N,0.18,0.0,10.09,34.0,50.0,0.0
3095.0,normal,C,S,0.16,0.0,10.93,36.0,50.0,0.0
3095.0,normal,C,E,0.34,11.0,2.65,0.0,50.0,0.0
3095.0,normal,C,W,0.38,13.0,1.92,0.0,50.0,0.0
3100.0,normal,C,N,0.16,0.0,10.58,34.0,50.0,0.0
3100.0,normal,C,S,0.16,0.0,11.7,36.0,50.0,0.0
3100.0,normal,C,E,0.38,14.0,1.57,0.0,50.0,0.0
3100.0,normal,C,W,0.42,17.0,0.97,0.0,50.0,0.0
3105.0,normal,C,N,0.18,1.0,7.88,32.0,50.0,1.0
3105.0,normal,C,S,0.18,1.0,9.16,34.0,50.0,1.0
3105.0,normal,C,E,0.42,17.0,0.92,0.0,50.0,1.0
3105.0,normal,C,W,0.46,19.0,0.56,0.0,50.0,1.0
3110.0,normal,C,N,0.2,5.0,4.1,26.0,50.0,2.0
3110.0,normal,C,S,0.24,5.0,4.95,28.0,50.0,2.0
3110.0,normal,C,E,0.4,15.0,1.01,4.0,50.0,2.0
3110.0,normal,C,W,0.44,18.0,0.64,4.0,50.0,2.0
3115.0,normal,C,N,0.24,7.0,2.82,22.0,50.0,2.0
3115.0,normal,C,S,0.26,7.0,3.65,22.0,50.0,2.0
3115.0,normal,C,E,0.4,13.0,1.6,8.0,50.0,2.0
3115.0,normal,C,W,0.42,16.0,1.0,8.0,50.0,2.0
3120.0,normal,C,N,0.24,9.0,2.99,16.0,50.0,2.0
3120.0,normal,C,S,0.28,10.0,1.61,16.0,50.0,2.0
3120.0,normal,C,E,0.36,11.0,2.05,14.0,50.0,2.0
3120.0,normal,C,W,0.36,12.0,1.69,14.0,50.0,2.0
3125.0,normal,C,N,0.3,10.0,1.31,10.0,50.0,2.0
3125.0,normal,C,S,0.32,13.0,1.23,12.0,50.0,2.0
3125.0,normal,C,E,0.3,8.0,3.29,20.0,50.0,2.0
3125.0,normal,C,W,0.32,9.0,3.41,18.0,50.0,2.0
3130.0,normal,C,N,0.32,12.0,2.16,6.0,50.0,2.0
3130.0,normal,C,S,0.36,13.0,1.81,6.0,50.0,2.0
3130.0,normal,C,E,0.26,4.0,5.56,24.0,50.0,2.0
3130.0,normal,C,W,0.26,4.0,5.36,24.0,50.0,2.0
3135.0,normal,C,N,0.38,13.0,1.85,2.0,50.0,2.0
3135.0,normal,C,S,0.4,16.0,1.36,2.0,50.0,2.0
3135.0,normal,C,E,0.2,0.0,8.35,30.0,50.0,2.0
3135.0,normal,C,W,0.2,0.0,8.47,30.0,50.0,2.0
3140.0,normal,C,N,0.42,16.0,1.16,0.0,50.0,2.0
3140.0,normal,C,S,0.42,18.0,0.83,0.0,50.0,2.0
3140.0,normal,C,E,0.16,0.0,11.75,36.0,50.0,2.0
3140.0,normal,C,W,0.16,0.0,10.51,36.0,50.0,2.0
3145.0,normal,C,N,0.44,19.0,0.62,0.0,50.0,2.0
3145.0,normal,C,S,0.46,20.0,0.51,0.0,50.0,2.0
3145.0,normal,C,E,0.14,0.0,12.03,36.0,50.0,2.0
3145.0,normal,C,W,0.16,0.0,11.6,36.0,50.0,2.0
3150.0,normal,C,N,0.48,21.0,0.35,0.0,50.0,3.0
3150.0,normal,C,S,0.5,23.0,0.22,0.0,50.0,3.0
3150.0,normal,C,E,0.16,0.0,9.89,36.0,50.0,3.0
3150.0,normal,C,W,0.2,1.0,9.45,34.0,50.0,3.0
3155.0,normal,C,N,0.46,20.0,0.34,4.0,50.0,0.0
3155.0,normal,C,S,0.46,20.0,0.38,4.0,50.0,0.0
3155.0,normal,C,E,0.18,3.0,6.16,30.0,50.0,0.0
3155.0,normal,C,W,0.24,4.0,5.52,28.0,50.0,0.0
3160.0,normal,C,N,0.42,16.0,0.97,8.0,50.0,0.0
3160.0,normal,C,S,0.42,16.0,1.22,8.0,50.0,0.0
3160.0,normal,C,E,0.2,6.0,4.2,24.0,50.0,0.0
3160.0,normal,C,W,0.26,8.0,2.76,24.0,50.0,0.0
3165.0,normal,C,N,0.36,12.0,1.71,14.0,50.0,0.0
3165.0,normal,C,S,0.36,12.0,2.07,14.0,50.0,0.0
3165.0,normal,C,E,0.22,8.0,1.27,20.0,50.0,0.0
3165.0,normal,C,W,0.28,11.0,1.34,18.0,50.0,0.0
3170.0,normal,C,N,0.32,8.0,3.46,18.0,50.0,0.0
3170.0,normal,C,S,0.3,7.0,3.17,20.0,50.0,0.0
3170.0,normal,C,E,0.26,9.0,2.05,14.0,50.0,0.0
3170.0,normal,C,W,0.32,12.0,1.05,12.0,50.0,0.0
3175.0,normal,C,N,0.26,4.0,5.35,24.0,50.0,0.0
3175.0,normal,C,S,0.26,2.0,5.43,24.0,50.0,0.0
3175.0,normal,C,E,0.3,10.0,2.94,8.0,50.0,0.0
3175.0,normal,C,W,0.34,13.0,1.76,6.0,50.0,0.0
3180.0,normal,C,N,0.2,0.0,7.46,30.0,50.0,0.0
3180.0,normal,C,S,0.2,0.0,8.07,30.0,50.0,0.0
3180.0,normal,C,E,0.34,12.0,2.6,4.0,50.0,0.0
3180.0,normal,C,W,0.4,15.0,1.84,2.0,50.0,0.0
3185.0,normal,C,N,0.18,0.0,10.26,34.0,50.0,0.0
3185.0,normal,C,S,0.18,0.0,9.67,34.0,50.0,0.0
3185.0,normal,C,E,0.38,14.0,1.62,0.0,50.0,0.0
3185.0,normal,C,W,0.44,17.0,0.94,0.0,50.0,0.0
3190.0,normal,C,N,0.16,0.0,10.37,36.0,50.0,0.0
3190.0,normal,C,S,0.16,0.0,9.57,34.0,50.0,0.0
3190.0,normal,C,E,0.42,17.0,0.79,0.0,50.0,0.0
3190.0,normal,C,W,0.46,20.0,0.5,0.0,50.0,0.0
3195.0,normal,C,N,0.18,0.0,8.68,34.0,50.0,1.0
3195.0,normal,C,S,0.16,0.0,9.31,34.0,50.0,1.0
3195.0,normal,C,E,0.46,20.0,0.56,0.0,50.0,1.0
3195.0,normal,C,W,0.5,24.0,0.23,0.0,50.0,1.0
3200.0,normal,C,N,0.2,2.0,6.26,28.0,50.0,2.0
3200.0,normal,C,S,0.22,4.0,6.4,28.0,50.0,2.0
3200.0,normal,C,E,0.44,17.0,0.67,4.0,50.0,2.0
3200.0,normal,C,W,0.46,20.0,0.4,4.0,50.0,2.0
3205.0,normal,C,N,0.22,5.0,2.34,24.0,50.0,2.0
3205.0,normal,C,S,0.24,6.0,5.05,22.0,50.0,2.0
3205.0,normal,C,E,0.42,16.0,1.08,8.0,50.0,2.0
3205.0,normal,C,W,0.4,16.0,0.83,10.0,50.0,2.0
3210.0,normal,C,N,0.26,10.0,2.1,18.0,50.0,2.0
3210.0,normal,C,S,0.26,9.0,2.59,18.0,50.0,2.0
3210.0,normal,C,E,0.36,12.0,1.79,14.0,50.0,2.0
3210.0,normal,C,W,0.36,12.0,2.03,14.0,50.0,2.0
3215.0,normal,C,N,0.28,10.0,2.33,12.0,50.0,2.0
3215.0,normal,C,S,0.3,11.0,1.35,12.0,50.0,2.0
3215.0,normal,C,E,0.3,8.0,3.06,20.0,50.0,2.0
3215.0,normal,C,W,0.3,7.0,3.35,20.0,50.0,2.0
3220.0,normal,C,N,0.32,12.0,1.45,8.0,50.0,2.0
3220.0,normal,C,S,0.34,13.0,1.66,8.0,50.0,2.0
3220.0,normal,C,E,0.26,5.0,5.13,24.0,50.0,2.0
3220.0,normal,C,W,0.26,2.0,5.71,24.0,50.0,2.0
3225.0,normal,C,N,0.36,13.0,2.07,2.0,50.0,2.0
3225.0,normal,C,S,0.38,15.0,1.6,4.0,50.0,2.0
3225.0,normal,C,E,0.2,1.0,7.91,30.0,50.0,2.0
3225.0,normal,C,W,0.2,0.0,8.92,30.0,50.0,2.0
3230.0,normal,C,N,0.42,15.0,1.51,0.0,50.0,2.0
3230.0,normal,C,S,0.42,17.0,1.06,0.0,50.0,2.0
3230.0,normal,C,E,0.16,0.0,11.18,34.0,50.0,2.0
3230.0,normal,C,W,0.16,0.0,11.86,36.0,50.0,2.0
3235.0,normal,C,N,0.44,18.0,0.77,0.0,50.0,2.0
3235.0,normal,C,S,0.44,19.0,0.63,0.0,50.0,2.0
3235.0,normal,C,E,0.14,0.0,11.83,36.0,50.0,2.0
3235.0,normal,C,W,0.14,0.0,12.32,38.0,50.0,2.0
3240.0,normal,C,N,0.48,21.0,0.38,0.0,50.0,3.0
3240.0,normal,C,S,0.48,22.0,0.33,0.0,50.0,3.0
3240.0,normal,C,E,0.14,1.0,8.32,34.0,50.0,3.0
3240.0,normal,C,W,0.14,0.0,10.52,34.0,50.0,3.0
3245.0,normal,C,N,0.46,19.0,0.48,4.0,50.0,0.0
3245.0,normal,C,S,0.46,20.0,0.36,4.0,50.0,0.0
3245.0,normal,C,E,0.14,3.0,3.98,28.0,50.0,0.0
3245.0,normal,C,W,0.14,3.0,4.44,30.0,50.0,0.0
3250.0,normal,C,N,0.4,16.0,0.88,10.0,50.0,0.0
3250.0,normal,C,S,0.42,16.0,1.17,8.0,50.0,0.0
3250.0,normal,C,E,0.14,6.0,1.23,22.0,50.0,0.0
3250.0,normal,C,W,0.18,6.0,1.94,24.0,50.0,0.0
3255.0,normal,C,N,0.36,12.0,2.05,14.0,50.0,0.0
3255.0,normal,C,S,0.36,12.0,2.02,14.0,50.0,0.0
3255.0,normal,C,E,0.18,7.0,0.62,18.0,50.0,0.0
3255.0,normal,C,W,0.2,7.0,3.17,20.0,50.0,0.0
3260.0,normal,C,N,0.3,8.0,3.2,20.0,50.0,0.0
3260.0,normal,C,S,0.3,8.0,3.44,20.0,50.0,0.0
3260.0,normal,C,E,0.2,7.0,2.77,12.0,50.0,0.0
3260.0,normal,C,W,0.24,8.0,2.81,14.0,50.0,0.0
3265.0,normal,C,N,0.26,4.0,5.49,24.0,50.0,0.0
3265.0,normal,C,S,0.26,4.0,5.45,24.0,50.0,0.0
3265.0,normal,C,E,0.26,7.0,3.89,8.0,50.0,0.0
3265.0,normal,C,W,0.3,9.0,3.68,8.0,50.0,0.0
3270.0,normal,C,N,0.2,0.0,8.21,30.0,50.0,0.0
3270.0,normal,C,S,0.2,0.0,8.48,30.0,50.0,0.0
3270.0,normal,C,E,0.3,8.0,4.08,2.0,50.0,0.0
3270.0,normal,C,W,0.34,10.0,2.82,2.0,50.0,0.0
3275.0,normal,C,N,0.16,0.0,10.99,36.0,50.0,0.0
3275.0,normal,C,S,0.18,0.0,9.87,34.0,50.0,0.0
3275.0,normal,C,E,0.34,10.0,2.91,0.0,50.0,0.0
3275.0,normal,C,W,0.38,13.0,1.47,0.0,50.0,0.0
3280.0,normal,C,N,0.16,0.0,11.53,36.0,50.0,0.0
3280.0,normal,C,S,0.16,0.0,11.05,36.0,50.0,0.0
3280.0,normal,C,E,0.4,14.0,1.84,0.0,50.0,0.0
3280.0,normal,C,W,0.42,16.0,1.1,0.0,50.0,0.0
3285.0,normal,C,N,0.18,1.0,8.61,32.0,50.0,1.0
3285.0,normal,C,S,0.18,1.0,9.13,34.0,50.0,1.0
3285.0,normal,C,E,0.44,17.0,1.0,0.0,50.0,1.0
3285.0,normal,C,W,0.46,19.0,0.58,0.0,50.0,1.0
3290.0,normal,C,N,0.2,5.0,5.22,28.0,50.0,2.0
3290.0,normal,C,S,0.2,4.0,5.97,28.0,50.0,2.0
3290.0,normal,C,E,0.42,15.0,0.84,4.0,50.0,2.0
3290.0,normal,C,W,0.44,18.0,0.71,4.0,50.0,2.0
3295.0,normal,C,N,0.2,8.0,1.3,22.0,50.0,2.0
3295.0,normal,C,S,0.2,7.0,1.85,22.0,50.0,2.0
3295.0,normal,C,E,0.42,14.0,1.25,8.0,50.0,2.0
3295.0,normal,C,W,0.42,16.0,1.23,8.0,50.0,2.0
3300.0,normal,C,N,0.22,10.0,0.19,18.0,50.0,2.0
3300.0,normal,C,S,0.22,10.0,0.06,18.0,50.0,2.0
3300.0,normal,C,E,0.36,12.0,1.68,14.0,50.0,2.0
3300.0,normal,C,W,0.36,11.0,1.92,14.0,50.0,2.0
3305.0,normal,C,N,0.26,10.0,1.44,12.0,50.0,2.0
3305.0,normal,C,S,0.24,10.0,1.06,12.0,50.0,2.0
3305.0,normal,C,E,0.32,8.0,3.13,18.0,50.0,2.0
3305.0,normal,C,W,0.3,8.0,2.85,20.0,50.0,2.0
3310.0,normal,C,N,0.3,10.0,2.88,6.0,50.0,2.0
3310.0,normal,C,S,0.28,10.0,2.76,8.0,50.0,2.0
3310.0,normal,C,E,0.26,4.0,4.76,24.0,50.0,2.0
3310.0,normal,C,W,0.26,4.0,5.26,24.0,50.0,2.0
3315.0,normal,C,N,0.34,11.0,2.73,2.0,50.0,2.0
3315.0,normal,C,S,0.32,11.0,2.57,2.0,50.0,2.0
3315.0,normal,C,E,0.22,0.0,7.25,28.0,50.0,2.0
3315.0,normal,C,W,0.2,0.0,8.07,30.0,50.0,2.0
3320.0,normal,C,N,0.38,14.0,1.74,0.0,50.0,2.0
3320.0,normal,C,S,0.38,13.0,2.2,0.0,50.0,2.0
3320.0,normal,C,E,0.18,0.0,9.52,34.0,50.0,2.0
3320.0,normal,C,W,0.18,0.0,11.22,34.0,50.0,2.0
3325.0,normal,C,N,0.42,17.0,1.13,0.0,50.0,2.0
3325.0,normal,C,S,0.42,16.0,1.18,0.0,50.0,2.0
3325.0,normal,C,E,0.18,0.0,9.75,34.0,50.0,2.0
3325.0,normal,C,W,0.18,0.0,11.84,36.0,50.0,2.0
3330.0,normal,C,N,0.46,20.0,0.55,0.0,50.0,3.0
3330.0,normal,C,S,0.46,19.0,0.55,0.0,50.0,3.0
3330.0,normal,C,E,0.18,1.0,7.38,32.0,50.0,3.0
3330.0,normal,C,W,0.16,0.0,10.69,36.0,50.0,3.0
3335.0,normal,C,N,0.46,18.0,0.67,4.0,50.0,0.0
3335.0,normal,C,S,0.44,18.0,0.66,4.0,50.0,0.0
3335.0,normal,C,E,0.2,4.0,4.11,26.0,50.0,0.0
3335.0,normal,C,W,0.2,3.0,6.18,30.0,50.0,0.0
3340.0,normal,C,N,0.42,16.0,1.13,8.0,50.0,0.0
3340.0,normal,C,S,0.42,15.0,1.13,8.0,50.0,0.0
3340.0,normal,C,E,0.2,8.0,1.94,22.0,50.0,0.0
3340.0,normal,C,W,0.2,6.0,2.89,24.0,50.0,0.0
3345.0,normal,C,N,0.36,12.0,1.75,14.0,50.0,0.0
3345.0,normal,C,S,0.36,12.0,2.02,14.0,50.0,0.0
3345.0,normal,C,E,0.2,9.0,0.25,16.0,50.0,0.0
3345.0,normal,C,W,0.22,10.0,0.26,20.0,50.0,0.0
3350.0,normal,C,N,0.32,8.0,3.39,18.0,50.0,0.0
3350.0,normal,C,S,0.32,8.0,3.56,18.0,50.0,0.0
3350.0,normal,C,E,0.24,10.0,0.9,12.0,50.0,0.0
3350.0,normal,C,W,0.26,10.0,1.69,14.0,50.0,0.0
3355.0,normal,C,N,0.26,4.0,5.08,24.0,50.0,0.0
3355.0,normal,C,S,0.26,3.0,5.66,24.0,50.0,0.0
3355.0,normal,C,E,0.28,10.0,2.83,6.0,50.0,0.0
3355.0,normal,C,W,0.3,10.0,2.64,10.0,50.0,0.0
3360.0,normal,C,N,0.2,0.0,7.79,30.0,50.0,0.0
3360.0,normal,C,S,0.2,0.0,8.05,30.0,50.0,0.0
3360.0,normal,C,E,0.32,10.0,2.78,2.0,50.0,0.0
3360.0,normal,C,W,0.34,11.0,2.83,4.0,50.0,0.0
3365.0,normal,C,N,0.18,0.0,10.9,34.0,50.0,0.0
3365.0,normal,C,S,0.18,0.0,10.49,36.0,50.0,0.0
3365.0,normal,C,E,0.38,13.0,2.22,0.0,50.0,0.0
3365.0,normal,C,W,0.4,14.0,1.91,0.0,50.0,0.0
3370.0,normal,C,N,0.16,0.0,11.63,36.0,50.0,0.0
3370.0,normal,C,S,0.18,0.0,11.23,36.0,50.0,0.0
3370.0,normal,C,E,0.4,16.0,1.18,0.0,50.0,0.0
3370.0,normal,C,W,0.44,18.0,0.99,0.0,50.0,0.0
3375.0,normal,C,N,0.18,1.0,8.9,34.0,50.0,1.0
3375.0,normal,C,S,0.18,0.0,11.07,36.0,50.0,1.0
3375.0,normal,C,E,0.44,19.0,0.75,0.0,50.0,1.0
3375.0,normal,C,W,0.48,21.0,0.43,0.0,50.0,1.0
3380.0,normal,C,N,0.2,3.0,5.38,28.0,50.0,2.0
3380.0,normal,C,S,0.2,3.0,5.64,30.0,50.0,2.0
3380.0,normal,C,E,0.44,17.0,0.69,4.0,50.0,2.0
3380.0,normal,C,W,0.46,19.0,0.34,4.0,50.0,2.0
3385.0,normal,C,N,0.2,7.0,2.22,24.0,50.0,2.0
3385.0,normal,C,S,0.24,5.0,3.61,26.0,50.0,2.0
3385.0,normal,C,E,0.42,15.0,0.86,8.0,50.0,2.0
3385.0,normal,C,W,0.42,16.0,1.06,8.0,50.0,2.0
3390.0,normal,C,N,0.22,10.0,0.08,18.0,50.0,2.0
3390.0,normal,C,S,0.28,9.0,3.13,20.0,50.0,2.0
3390.0,normal,C,E,0.38,12.0,1.93,12.0,50.0,2.0
3390.0,normal,C,W,0.36,12.0,1.81,14.0,50.0,2.0
3395.0,normal,C,N,0.24,10.0,1.28,12.0,50.0,2.0
3395.0,normal,C,S,0.32,11.0,2.12,14.0,50.0,2.0
3395.0,normal,C,E,0.32,7.0,3.03,18.0,50.0,2.0
3395.0,normal,C,W,0.3,9.0,2.64,20.0,50.0,2.0
3400.0,normal,C,N,0.28,10.0,2.76,8.0,50.0,2.0
3400.0,normal,C,S,0.38,13.0,2.3,8.0,50.0,2.0
3400.0,normal,C,E,0.26,3.0,4.86,24.0,50.0,2.0
3400.0,normal,C,W,0.26,4.0,4.87,24.0,50.0,2.0
3405.0,normal,C,N,0.34,11.0,2.66,2.0,50.0,2.0
3405.0,normal,C,S,0.42,16.0,1.15,4.0,50.0,2.0
3405.0,normal,C,E,0.22,0.0,7.33,28.0,50.0,2.0
3405.0,normal,C,W,0.2,1.0,6.7,30.0,50.0,2.0
3410.0,normal,C,N,0.38,14.0,1.79,0.0,50.0,2.0
3410.0,normal,C,S,0.44,19.0,0.62,0.0,50.0,2.0
3410.0,normal,C,E,0.18,0.0,9.34,34.0,50.0,2.0
3410.0,normal,C,W,0.18,0.0,10.24,34.0,50.0,2.0
3415.0,normal,C,N,0.42,16.0,1.1,0.0,50.0,2.0
3415.0,normal,C,S,0.48,21.0,0.35,0.0,50.0,2.0
3415.0,normal,C,E,0.14,0.0,9.95,34.0,50.0,2.0
3415.0,normal,C,W,0.18,0.0,11.11,34.0,50.0,2.0
3420.0,normal,C,N,0.44,19.0,0.7,0.0,50.0,3.0
3420.0,normal,C,S,0.5,24.0,0.04,0.0,50.0,3.0
3420.0,normal,C,E,0.12,0.0,9.37,34.0,50.0,3.0
3420.0,normal,C,W,0.16,0.0,10.03,34.0,50.0,3.0
3425.0,normal,C,N,0.44,16.0,0.66,4.0,50.0,0.0
3425.0,normal,C,S,0.46,20.0,0.32,4.0,50.0,0.0
3425.0,normal,C,E,0.18,2.0,4.95,30.0,50.0,0.0
3425.0,normal,C,W,0.18,3.0,5.48,28.0,50.0,0.0
3430.0,normal,C,N,0.42,16.0,0.95,8.0,50.0,0.0
3430.0,normal,C,S,0.42,16.0,1.1,8.0,50.0,0.0
3430.0,normal,C,E,0.22,5.0,5.66,24.0,50.0,0.0
3430.0,normal,C,W,0.22,7.0,2.99,22.0,50.0,0.0
3435.0,normal,C,N,0.36,13.0,1.74,14.0,50.0,0.0
3435.0,normal,C,S,0.36,12.0,1.69,14.0,50.0,0.0
3435.0,normal,C,E,0.22,7.0,3.79,18.0,50.0,0.0
3435.0,normal,C,W,0.22,9.0,2.38,18.0,50.0,0.0
3440.0,normal,C,N,0.32,9.0,3.25,18.0,50.0,0.0
3440.0,normal,C,S,0.32,8.0,3.07,18.0,50.0,0.0
3440.0,normal,C,E,0.26,10.0,0.66,14.0,50.0,0.0
3440.0,normal,C,W,0.26,10.0,1.41,12.0,50.0,0.0
3445.0,normal,C,N,0.26,5.0,5.31,24.0,50.0,0.0
3445.0,normal,C,S,0.26,4.0,5.12,24.0,50.0,0.0
3445.0,normal,C,E,0.28,11.0,2.06,8.0,50.0,0.0
3445.0,normal,C,W,0.3,11.0,2.52,8.0,50.0,0.0
3450.0,normal,C,N,0.2,1.0,8.14,30.0,50.0,0.0
3450.0,normal,C,S,0.2,0.0,8.04,30.0,50.0,0.0
3450.0,normal,C,E,0.34,11.0,2.35,4.0,50.0,0.0
3450.0,normal,C,W,0.34,12.0,2.42,4.0,50.0,0.0
3455.0,normal,C,N,0.16,0.0,10.63,36.0,50.0,0.0
3455.0,normal,C,S,0.16,0.0,11.05,34.0,50.0,0.0
3455.0,normal,C,E,0.38,14.0,1.96,0.0,50.0,0.0
3455.0,normal,C,W,0.38,14.0,1.67,0.0,50.0,0.0
3460.0,normal,C,N,0.14,0.0,11.91,36.0,50.0,0.0
3460.0,normal,C,S,0.16,0.0,11.56,36.0,50.0,0.0
3460.0,normal,C,E,0.42,17.0,0.9,0.0,50.0,0.0
3460.0,normal,C,W,0.42,17.0,1.03,0.0,50.0,0.0
3465.0,normal,C,N,0.16,1.0,9.21,34.0,50.0,1.0
3465.0,normal,C,S,0.16,0.0,7.84,34.0,50.0,1.0
3465.0,normal,C,E,0.46,19.0,0.6,0.0,50.0,1.0
3465.0,normal,C,W,0.46,20.0,0.55,0.0,50.0,1.0
3470.0,normal,C,N,0.18,3.0,4.86,28.0,50.0,2.0
3470.0,normal,C,S,0.16,3.0,5.5,28.0,50.0,2.0
3470.0,normal,C,E,0.44,17.0,0.53,4.0,50.0,2.0
3470.0,normal,C,W,0.46,18.0,0.6,4.0,50.0,2.0
3475.0,normal,C,N,0.18,6.0,2.21,24.0,50.0,2.0
3475.0,normal,C,S,0.2,6.0,2.11,24.0,50.0,2.0
3475.0,normal,C,E,0.42,17.0,0.97,8.0,50.0,2.0
3475.0,normal,C,W,0.42,16.0,1.09,8.0,50.0,2.0
3480.0,normal,C,N,0.22,8.0,1.13,18.0,50.0,2.0
3480.0,normal,C,S,0.24,8.0,3.0,18.0,50.0,2.0
3480.0,normal,C,E,0.36,13.0,1.73,14.0,50.0,2.0
3480.0,normal,C,W,0.36,12.0,1.95,14.0,50.0,2.0
3485.0,normal,C,N,0.26,9.0,2.58,12.0,50.0,2.0
3485.0,normal,C,S,0.28,9.0,2.76,12.0,50.0,2.0
3485.0,normal,C,E,0.32,9.0,3.21,18.0,50.0,2.0
3485.0,normal,C,W,0.3,8.0,3.12,20.0,50.0,2.0
3490.0,normal,C,N,0.3,9.0,3.18,6.0,50.0,2.0
3490.0,normal,C,S,0.32,10.0,3.42,8.0,50.0,2.0
3490.0,normal,C,E,0.26,5.0,4.83,24.0,50.0,2.0
3490.0,normal,C,W,0.26,3.0,5.82,24.0,50.0,2.0
3495.0,normal,C,N,0.34,11.0,2.45,2.0,50.0,2.0
3495.0,normal,C,S,0.38,13.0,2.41,2.0,50.0,2.0
3495.0,normal,C,E,0.2,0.0,6.54,30.0,50.0,2.0
3495.0,normal,C,W,0.2,0.0,8.41,30.0,50.0,2.0
3500.0,normal,C,N,0.4,14.0,1.7,0.0,50.0,2.0
3500.0,normal,C,S,0.42,16.0,1.18,0.0,50.0,2.0
3500.0,normal,C,E,0.16,0.0,10.67,34.0,50.0,2.0
3500.0,normal,C,W,0.16,0.0,12.31,36.0,50.0,2.0
3505.0,normal,C,N,0.42,17.0,0.92,0.0,50.0,2.0
3505.0,normal,C,S,0.46,19.0,0.65,0.0,50.0,2.0
3505.0,normal,C,E,0.16,0.0,12.13,34.0,50.0,2.0
3505.0,normal,C,W,0.12,0.0,12.14,38.0,50.0,2.0
3510.0,normal,C,N,0.46,20.0,0.55,0.0,50.0,3.0
3510.0,normal,C,S,0.48,21.0,0.33,0.0,50.0,3.0
3510.0,normal,C,E,0.16,0.0,10.9,34.0,50.0,3.0
3510.0,normal,C,W,0.16,1.0,9.73,36.0,50.0,3.0
3515.0,normal,C,N,0.46,18.0,0.5,4.0,50.0,0.0
3515.0,normal,C,S,0.46,20.0,0.35,4.0,50.0,0.0
3515.0,normal,C,E,0.18,3.0,6.23,28.0,50.0,0.0
3515.0,normal,C,W,0.2,3.0,7.66,30.0,50.0,0.0
3520.0,normal,C,N,0.42,16.0,1.15,8.0,50.0,0.0
3520.0,normal,C,S,0.42,16.0,1.19,8.0,50.0,0.0
3520.0,normal,C,E,0.2,6.0,2.69,24.0,50.0,0.0
3520.0,normal,C,W,0.22,5.0,3.87,24.0,50.0,0.0
3525.0,normal,C,N,0.36,12.0,2.0,14.0,50.0,0.0
3525.0,normal,C,S,0.36,12.0,1.88,14.0,50.0,0.0
3525.0,normal,C,E,0.22,9.0,1.55,18.0,50.0,0.0
3525.0,normal,C,W,0.22,8.0,1.61,20.0,50.0,0.0
3530.0,normal,C,N,0.3,8.0,2.92,20.0,50.0,0.0
3530.0,normal,C,S,0.3,8.0,3.09,20.0,50.0,0.0
3530.0,normal,C,E,0.26,10.0,1.9,12.0,50.0,0.0
3530.0,normal,C,W,0.26,10.0,1.87,14.0,50.0,0.0
3535.0,normal,C,N,0.26,3.0,5.25,24.0,50.0,0.0
3535.0,normal,C,S,0.26,4.0,5.42,24.0,50.0,0.0
3535.0,normal,C,E,0.3,10.0,2.71,8.0,50.0,0.0
3535.0,normal,C,W,0.3,11.0,2.21,8.0,50.0,0.0
3540.0,normal,C,N,0.2,0.0,7.12,30.0,50.0,0.0
3540.0,normal,C,S,0.2,0.0,7.87,30.0,50.0,0.0
3540.0,normal,C,E,0.36,12.0,2.38,4.0,50.0,0.0
3540.0,normal,C,W,0.34,12.0,2.08,2.0,50.0,0.0
3545.0,normal,C,N,0.18,0.0,10.47,34.0,50.0,0.0
3545.0,normal,C,S,0.18,0.0,10.4,34.0,50.0,0.0
3545.0,normal,C,E,0.4,14.0,1.55,0.0,50.0,0.0
3545.0,normal,C,W,0.38,14.0,1.95,0.0,50.0,0.0
3550.0,normal,C,N,0.16,0.0,10.86,36.0,50.0,0.0
3550.0,normal,C,S,0.16,0.0,11.14,36.0,50.0,0.0
3550.0,normal,C,E,0.42,17.0,0.95,0.0,50.0,0.0
3550.0,normal,C,W,0.42,16.0,1.15,0.0,50.0,0.0
3555.0,normal,C,N,0.18,0.0,10.09,34.0,50.0,1.0
3555.0,normal,C,S,0.18,0.0,9.06,34.0,50.0,1.0
3555.0,normal,C,E,0.46,20.0,0.57,0.0,50.0,1.0
3555.0,normal,C,W,0.46,20.0,0.59,0.0,50.0,1.0
3560.0,normal,C,N,0.2,3.0,5.18,28.0,50.0,2.0
3560.0,normal,C,S,0.22,3.0,5.89,28.0,50.0,2.0
3560.0,normal,C,E,0.46,17.0,0.52,4.0,50.0,2.0
3560.0,normal,C,W,0.46,18.0,0.53,4.0,50.0,2.0
3565.0,normal,C,N,0.2,6.0,2.91,22.0,50.0,2.0
3565.0,normal,C,S,0.22,6.0,3.34,22.0,50.0,2.0
3565.0,normal,C,E,0.42,16.0,1.02,8.0,50.0,2.0
3565.0,normal,C,W,0.42,16.0,1.08,8.0,50.0,2.0
3570.0,normal,C,N,0.22,9.0,0.66,18.0,50.0,2.0
3570.0,normal,C,S,0.26,9.0,1.53,18.0,50.0,2.0
3570.0,normal,C,E,0.36,13.0,1.71,14.0,50.0,2.0
3570.0,normal,C,W,0.36,12.0,2.02,14.0,50.0,2.0
3575.0,normal,C,N,0.26,10.0,1.87,12.0,50.0,2.0
3575.0,normal,C,S,0.3,11.0,1.9,12.0,50.0,2.0
3575.0,normal,C,E,0.3,9.0,2.92,20.0,50.0,2.0
3575.0,normal,C,W,0.3,7.0,3.01,20.0,50.0,2.0
3580.0,normal,C,N,0.3,10.0,2.8,8.0,50.0,2.0
3580.0,normal,C,S,0.34,12.0,2.3,8.0,50.0,2.0
3580.0,normal,C,E,0.26,4.0,5.21,24.0,50.0,2.0
3580.0,normal,C,W,0.26,4.0,5.2,24.0,50.0,2.0
3585.0,normal,C,N,0.36,12.0,2.25,2.0,50.0,2.0
3585.0,normal,C,S,0.38,14.0,1.97,2.0,50.0,2.0
3585.0,normal,C,E,0.22,0.0,7.65,28.0,50.0,2.0
3585.0,normal,C,W,0.2,0.0,7.52,30.0,50.0,2.0
3590.0,normal,C,N,0.38,14.0,1.57,0.0,50.0,2.0
3590.0,normal,C,S,0.42,17.0,1.07,0.0,50.0,2.0
3590.0,normal,C,E,0.18,0.0,10.16,34.0,50.0,2.0
3590.0,normal,C,W,0.18,0.0,11.28,34.0,50.0,2.0
3595.0,normal,C,N,0.42,17.0,0.84,0.0,50.0,2.0
3595.0,normal,C,S,0.46,19.0,0.52,0.0,50.0,2.0
3595.0,normal,C,E,0.18,0.0,10.86,34.0,50.0,2.0
3595.0,normal,C,W,0.16,0.0,12.02,36.0,50.0,2.0
3600.0,normal,C,N,0.46,20.0,0.5,0.0,50.0,3.0
3600.0,normal,C,S,0.5,24.0,0.21,0.0,50.0,3.0
3600.0,normal,C,E,0.18,0.0,9.44,34.0,50.0,3.0
3600.0,normal,C,W,0.18,0.0,10.74,36.0,50.0,3.0
